,playerName,nbSongs,score,nbSoloPoints
0,002,126,2,0.0
1,0SLL54g22yT7,84,1,0.0
2,0_0,399,13,0.0
3,11_,875,28,0.0
4,1234gary,418,27,0.0
5,14thVessel,342,9,0.0
6,19,28,3,0.0
7,1cY,85,13,0.0
8,1davey29,75,1,0.0
9,1jari1,85,2,0.0
10,2,1003,33,0.0
11,24,269,7,0.0
12,3StarPlz,85,2,0.0
13,3keeksi,85,3,0.0
14,3xFaster,93,7,0.0
15,3xbd,85,1,0.0
16,49Leo,84,3,0.0
17,49wakaraNINE,83,24,0.0
18,4U6U57,594,5,0.0
19,80s,82,41,0.0
20,86239,143,0,0.0
21,ABirdNamedPidge,206,5,0.0
22,AC9123,57,2,0.0
23,ACoolGuy,85,32,0.0
24,AGerdet,85,1,0.0
25,AIuX,249,29,0.0
26,AKF_lnwZa_007,83,0,0.0
27,AKl,595,70,0.0
28,AMQSUS,82,18,0.0
29,AM_Zer0,85,4,0.0
30,ARKR,308,15,0.0
31,ASSlover,340,36,0.0
32,ASTR0,338,2,0.0
33,ASheep,606,17,0.0
34,AZK,84,12,0.0
35,AZiMA,82,14,0.0
36,A_N_D_E_R,85,5,0.0
37,Aardwolf,85,3,0.0
38,AboveAll,56,0,0.0
39,Abw,340,23,0.0
40,Acario,85,5,0.0
41,Acex187x,85,3,0.0
42,Achird,4661,21,0.0
43,Acophytes,101,2,0.0
44,AddRealRWBYNow,84,5,0.0
45,Aderbal,170,4,0.0
46,Adjest,401,46,0.0
47,Adonyx,980,11,0.0
48,Adurite,79,3,0.0
49,Aelin,85,0,0.0
50,Aelystos,85,0,0.0
51,Aeroheli,72,0,0.0
52,AetherLike,85,9,0.0
53,Affirmed,450,14,0.0
54,Aganhim,136,3,0.0
55,AgnesJ,338,6,1.0
56,Ai_Haibara,6189,51,16.0
57,Aidown,71,8,0.0
58,AifockAstolfos,35,0,0.0
59,Aiharaaaa,414,10,0.0
60,Aiku,85,0,0.0
61,Aileeeen,85,1,0.0
62,Aimerfan1,81,0,0.0
63,AimingForTurtle,85,1,0.0
64,Aimjayy,46,1,0.0
65,AirKatana1,85,2,0.0
66,Airone23,85,5,0.0
67,Aishia,1243,53,1.0
68,Aitasagaa,82,0,0.0
69,Ajawung,255,25,0.0
70,AkariOozora,18,3,0.0
71,Akashii,2397,8,0.0
72,Akatsukii,240,17,0.0
73,Akaze,2747,56,4.0
74,Akebi,410,56,0.0
75,Aksum,48,0,0.0
76,Akune,170,6,0.0
77,Akyze,83,2,0.0
78,AlAmir,85,1,0.0
79,Alaszun,1186,8,0.0
80,Aleix912,53,0,0.0
81,Aleks,595,25,0.0
82,AlexFDR,58,4,0.0
83,Alexismill,1396,16,0.0
84,AlfEar,4984,23,0.0
85,Alians,45,17,0.0
86,AliceComplex,683,29,0.0
87,Alkios,169,2,0.0
88,Alleros,3010,21,0.0
89,Alleyne,31,0,0.0
90,AlphaEX,143,4,0.0
91,AlphaMidget,85,5,0.0
92,AlterMang,256,11,0.0
93,Alumina,85,6,0.0
94,Alux0,255,3,0.0
95,Amai_Yume,85,0,0.0
96,AmaneSumeragi,330,26,0.0
97,Amano_Erika,127,33,0.0
98,AmaterasuZ,237,34,0.0
99,Amel,252,12,0.0
100,Amemoz,4856,17,0.0
101,Amets,85,4,0.0
102,Amiguinho,85,13,0.0
103,Amiiir,85,1,0.0
104,Amitoj,85,0,0.0
105,AmongUsSUS727,85,1,0.0
106,Ananomous,85,3,0.0
107,AnbuKakashi,3475,44,0.0
108,AncientAxeArmour,170,11,0.0
109,AndiXFail,340,27,0.0
110,Andoslash,170,4,0.0
111,Andre2307,255,21,0.0
112,Android17,279,11,0.0
113,AndyNdeah,85,2,0.0
114,Anemone_,170,19,0.0
115,Anenky,340,1,0.0
116,Anessa,255,18,0.0
117,Angi3AA,3916,18,0.0
118,AnimeAria,3862,28,0.0
119,AnimeClubSteve,3720,43,0.0
120,AnimeGamer77318,55,0,0.0
121,AnimeMusicShit,85,14,0.0
122,AnimeroD,760,24,0.0
123,Anio,1939,24,0.0
124,AnotherConnor,85,6,0.0
125,Anri,2961,37,0.0
126,Anti_Sara,85,8,0.0
127,Antonio_soul,79,4,0.0
128,Anwonu,7502,29,1.0
129,AnzuP,85,13,0.0
130,Aoziru,170,9,0.0
131,Apely,254,11,0.0
132,Apolob,85,0,0.0
133,AprilBlue,239,26,0.0
134,AquaHaze,1293,44,0.0
135,Arameus,138,24,0.0
136,Aranha,85,1,0.0
137,Arc_Impulse,4426,16,0.0
138,Arcale,940,30,0.0
139,ArchanumX,507,9,0.0
140,Archany31,85,19,0.0
141,Archon,1865,33,0.0
142,Arendex,85,5,0.0
143,Argenti,60,0,0.0
144,AriTzzon,83,0,0.0
145,ArieruNanami,158,26,0.0
146,Ariyume,170,22,0.0
147,Arkana,575,71,0.0
148,Arkonite,82,0,0.0
149,Arle,85,15,0.0
150,ArronChu,3625,53,1.0
151,Arshura27,59,0,0.0
152,Art3mis,1264,16,0.0
153,ArukasFrost,3991,57,1.0
154,Aruto5355,85,6,0.0
155,Arutos,246,2,0.0
156,Arvanitis,85,5,0.0
157,Arvindus,85,3,0.0
158,Arya,250,6,0.0
159,Aryssiel,1996,16,0.0
160,Asahio,79,1,0.0
161,AsakuraToru,491,28,0.0
162,Asarck,79,2,0.0
163,Ashering,85,1,0.0
164,Ashuramaru,85,44,0.0
165,AspxXitado,85,7,0.0
166,Asriel71_,27,0,0.0
167,AsteriaNocturna,55,1,0.0
168,Astisss,145,3,0.0
169,Astmatyk,85,8,0.0
170,Astraea31,340,11,0.0
171,Astravars,85,3,0.0
172,Astrotyger,85,2,0.0
173,AsuAochi,307,10,0.0
174,Asugi,85,0,0.0
175,Asumin,1889,42,0.0
176,AsuraKishin,106,5,0.0
177,Asyn,1789,26,0.0
178,Ataraxia,1223,33,0.0
179,AthenaFyr,85,21,0.0
180,Atrona,162,3,0.0
181,Auchan,2626,26,0.0
182,AvaluggLeader,19,1,0.0
183,Avarice,83,0,0.0
184,Aveder,144,5,0.0
185,Avenlokh,21,2,0.0
186,AverageEnjoer,3449,62,0.0
187,Avi0r,85,0,0.0
188,Avplasma,2902,22,0.0
189,AwkwardWitness,69,0,0.0
190,AxelPolo,39,0,0.0
191,Axie,170,5,0.0
192,AxlWerks,85,2,0.0
193,Axolotel,195,2,0.0
194,AyameNakiriFan,281,61,0.0
195,Azildiun,78,4,0.0
196,Azulito,164,8,0.0
197,Azure10,769,12,0.0
198,Azusayuki,124,0,0.0
199,B1,3127,23,0.0
200,BLooDBuRSTiNG,82,4,0.0
201,BUSGAMER,57,0,0.0
202,BaKeR_270,11,0,0.0
203,Baazero,29,1,0.0
204,Babs_,85,0,0.0
205,BabySaim,85,0,0.0
206,Badpig56,160,6,0.0
207,Baekie,85,10,0.0
208,Baeksull,250,8,0.0
209,Bagre,427,40,0.0
210,Baguett,2317,49,0.0
211,Bahamut_Zero,921,2,0.0
212,Bai,168,57,1.0
213,Bakagami,2617,24,0.0
214,Bakalaka,85,0,0.0
215,Bakaneko_,255,2,0.0
216,Bananamilku,84,7,0.0
217,Banananana,770,25,0.0
218,Bartolominho,129,10,0.0
219,Baton,85,10,0.0
220,Bawner,85,6,0.0
221,BeeLiz,85,19,0.0
222,Belleza,85,15,0.0
223,Benjageek,122,3,0.0
224,Beokros,1271,40,0.0
225,Berukyurosu,127,12,0.0
226,BesserAlsAlfie,85,0,0.0
227,BeteZika,437,4,0.0
228,BettyFlores,223,9,0.0
229,Beyond,170,19,0.0
230,BiggerestPP,1380,5,0.0
231,BiggySean,73,1,0.0
232,BillSama,56,0,0.0
233,Binic,832,9,0.0
234,Birb,425,9,0.0
235,BiruBii,219,17,0.0
236,BlackFAN,169,21,0.0
237,BlackOnyx,130,3,0.0
238,Black_Flame,339,39,0.0
239,Black_o_B,84,13,0.0
240,Blancu,85,3,0.0
241,BlankBlackwhite,170,3,0.0
242,BlauesSerpiroyal,169,3,0.0
243,Blaze1402,254,5,0.0
244,BlazeIDK,330,11,0.0
245,Blindness,1180,45,0.0
246,BloodHole,67,0,0.0
247,Blubque,985,9,0.0
248,BlueSavant,170,7,0.0
249,Blurakki,339,29,0.0
250,BobMc,255,22,0.0
251,BobbyTomioka,510,12,0.0
252,Bobocan,5679,43,0.0
253,Bobpolo,84,8,0.0
254,Bofuri,85,22,0.0
255,Bogalog,161,7,0.0
256,Bommie,372,19,0.0
257,Boruma,382,26,0.0
258,BradenisCringe,85,0,0.0
259,Breff,85,0,0.0
260,Bright,200,9,0.0
261,Brodvini,85,3,0.0
262,Brokn,85,0,0.0
263,BrosephLose,76,27,0.0
264,BrosephWin,3052,31,0.0
265,BrownYoshi,608,6,0.0
266,Brundiz,40,0,0.0
267,BrunocaGDusk,85,0,0.0
268,Bthen13,85,22,0.0
269,Bucciarati,73,10,0.0
270,Budidi,85,17,0.0
271,Bui,226,13,0.0
272,Bulbasaur,85,8,0.0
273,Buncharis,85,2,0.0
274,BurB,85,1,0.0
275,Burbuja,401,2,0.0
276,BurnPuzzle,251,6,0.0
277,Bussing_Baka,85,0,0.0
278,ByaLunari,552,16,0.0
279,Byakk0,3947,13,0.0
280,C4lt,84,5,0.0
281,C7H8N4O2,85,32,0.0
282,CBalkow,85,1,0.0
283,CDL32135,189,2,0.0
284,CHADChart,85,22,0.0
285,CJM2020,85,1,0.0
286,CM02,965,16,0.0
287,CNerdao,85,2,0.0
288,CSTGG,170,4,0.0
289,CVanz,322,5,0.0
290,C_C_A,93,10,0.0
291,Cachilo,83,0,0.0
292,CalUwU,152,8,0.0
293,Caoirigh,153,4,0.0
294,CaptainCupcake,85,4,0.0
295,CaptainObvious,85,9,0.0
296,CaptainPatate,740,23,0.0
297,CarbonAraAra,3596,27,0.0
298,Caritauwu,85,11,0.0
299,CarlBurger,6,4,0.0
300,Carlos1218,6008,56,4.0
301,CastroLedger,85,4,0.0
302,CedropGlash,1020,55,1.0
303,Ceizor,2803,21,0.0
304,Celerrin,2451,36,0.0
305,CeoOfLemons,85,1,0.0
306,Ceris,830,12,0.0
307,Cetto,85,0,0.0
308,Cha11,85,2,0.0
309,Chaipa,85,1,0.0
310,ChavesOtaku,73,0,0.0
311,Chelys,18,0,0.0
312,Chemist,971,39,0.0
313,Cherimu,165,23,0.0
314,Cherrim,416,11,0.0
315,ChetBugnar,85,2,0.0
316,ChickenGodSama,85,2,0.0
317,ChihayaFag,83,3,0.0
318,ChiisanaKIseki,213,15,0.0
319,ChikaTakami,4123,19,0.0
320,Chiller,534,15,0.0
321,Chimera,1868,45,0.0
322,ChimichanGO,85,3,0.0
323,ChineseEconomy,84,41,0.0
324,Chisso,5780,19,0.0
325,Chiya,3386,61,4.0
326,Chococookiecrumb,2933,26,0.0
327,ChocolateVC,85,2,0.0
328,Christian731,3088,16,0.0
329,ChristmasCookie,423,20,0.0
330,ChromaDingus,85,10,0.0
331,ChromeW,103,9,0.0
332,Chromes_Butler,142,0,0.0
333,Chronomium,19,0,0.0
334,ChubbyCat49,91,8,0.0
335,ChungusBaka,97,5,0.0
336,Chuuyan,248,6,0.0
337,ChyYuna,649,11,0.0
338,Cimaa,594,27,0.0
339,Cindergoat,2997,27,0.0
340,Cirqfujo,76,46,0.0
341,Clairefairy95,522,12,0.0
342,Clappy24681,465,11,0.0
343,ClauOreo,279,2,0.0
344,CleonOlh,460,36,0.0
345,ClickClick,85,0,0.0
346,Clifford,5021,24,0.0
347,ClosetCheater,85,4,0.0
348,CloudBoxx,75,2,0.0
349,Cloudhead,85,3,0.0
350,Cobblestone,340,27,0.0
351,Cofe,5610,37,5.0
352,Coglionedown,85,2,0.0
353,Colin2Am,59,0,0.0
354,ComandanteGames,85,9,0.0
355,Combeferre,572,20,0.0
356,Compotesalty,285,4,0.0
357,Conan48,3215,18,0.0
358,CoreKun,85,0,0.0
359,CosmicKiwi,85,3,0.0
360,Cosmos720,85,9,0.0
361,CoultD,13,1,0.0
362,Courtcomposer,67,5,0.0
363,CoxinhaDeFrango,35,0,0.0
364,Coxmos,85,1,0.0
365,Crabapples,80,4,0.0
366,Crafthai,85,0,0.0
367,Cranestorm,85,14,0.0
368,CrazyFuchs,269,3,0.0
369,CreatorAltair,133,13,0.0
370,CreepOwO,67,2,0.0
371,Cringekastel,37,5,0.0
372,CrispyHashbrowns,170,3,0.0
373,Cronxy,85,0,0.0
374,CrossCrusher,5959,16,0.0
375,Crotadbag,85,0,0.0
376,CrotasCrocs,85,0,0.0
377,Crowowo,85,1,0.0
378,Cruckiller,151,1,0.0
379,CrusherQueen,14,0,0.0
380,CryRyuko,85,1,0.0
381,Crydz_RAZ3R,144,0,0.0
382,Cryo_blob_slayer,82,0,0.0
383,Crystlack,85,0,0.0
384,Cuckman,624,4,0.0
385,CurDesu,29,2,0.0
386,Cure_Yuri,322,25,0.0
387,CyanPrinterInk,164,5,0.0
388,CyberGalaxy,84,5,0.0
389,Cybilion,33,1,0.0
390,Cyburr_Ghost,279,1,0.0
391,Cydude,85,8,0.0
392,Cyndark,4601,13,0.0
393,Cysse,85,6,0.0
394,D4rk3us,168,1,0.0
395,DDD,333,12,0.0
396,DDJD9,83,1,0.0
397,DEEZNITTY,115,2,0.0
398,DJayStrick,83,5,0.0
399,DJpanda,2459,22,0.0
400,DKing20,3410,48,0.0
401,DMCA,254,30,2.0
402,DOGSHITnoob1,20,8,0.0
403,Daak,101,18,0.0
404,DabestEX,73,1,0.0
405,DaddyKrabs,85,2,0.0
406,DaiChi3,169,4,0.0
407,Danapix,168,14,0.0
408,Danchoo,3871,24,0.0
409,DaniDragon,85,1,0.0
410,DannyKno,4538,28,0.0
411,Danopopo,595,25,0.0
412,Dantsuki,85,4,0.0
413,DarkAccel,25,1,0.0
414,DarkMax03,2177,8,0.0
415,DarkPhoenix4567,85,0,0.0
416,DarkSonic308,1186,15,0.0
417,DarkStar,67,20,0.0
418,DarkWarriory,85,3,0.0
419,DarkestAssassin,170,10,0.0
420,DarkyNep,1953,45,0.0
421,Darque,85,2,0.0
422,DatRandomDude,30,5,0.0
423,Datboi_Chuckles,85,14,0.0
424,Dav1n1,85,6,0.0
425,Davidson,61,0,0.0
426,Davidx33,85,2,0.0
427,Davisgn2,115,4,0.0
428,Dawidoo165,170,3,0.0
429,DeZocka,229,6,0.0
430,DeadlyTired,85,2,0.0
431,DeafProdigy,152,37,0.0
432,Deafness,8668,60,9.0
433,Deazir,85,3,0.0
434,Decane,870,3,0.0
435,DeceCat,135,2,0.0
436,DeeGeeDow,170,1,0.0
437,DeepFriedChickn,170,21,0.0
438,DejaBoon,1450,29,0.0
439,Dekdek,85,15,0.0
440,Delete,3863,42,4.0
441,Demis_Great,3720,16,0.0
442,DenilKos,85,16,0.0
443,Denji,450,19,0.0
444,Destruct_You,71,3,0.0
445,DexteR771,326,21,0.0
446,DiViX,85,35,0.0
447,Diantha,85,26,0.0
448,Dida_11,85,13,0.0
449,DieBoxx,85,1,0.0
450,Dietweeb,85,0,0.0
451,Diice,170,16,0.0
452,Dinkles,85,3,0.0
453,Dinosaurus,2262,15,0.0
454,Disaster1337,32,4,0.0
455,Diukes,3274,44,2.0
456,DjCharat,3683,40,2.0
457,Djedaika,190,2,0.0
458,DoTand,85,11,0.0
459,DobbySSB,85,9,0.0
460,Dochyey,85,9,0.0
461,Docoppolis,85,0,0.0
462,DoctorHobo,3399,19,0.0
463,DoctorTimeWarp,85,3,0.0
464,Dodolhelico,2917,27,0.0
465,Doggodogz,85,0,0.0
466,DokiDokiYo,83,2,0.0
467,Dokuganryuusei,91,5,0.0
468,Domi,6076,41,1.0
469,Donkey,414,19,0.0
470,Donniedarkie,168,0,0.0
471,Dontee,85,12,0.0
472,Donyx,84,8,0.0
473,Doosy,85,0,0.0
474,Doot,85,11,0.0
475,Doragus5,85,6,0.0
476,Dota,168,26,0.0
477,Doue,85,9,0.0
478,DrLolipantsu,1565,22,0.0
479,DrRodneyMcKay,1249,12,0.0
480,DrTreason,85,0,0.0
481,DrUmbradecim,221,6,0.0
482,Dr_Woland,2009,19,3.0
483,Dracometeor007,85,2,0.0
484,Draftis,85,2,0.0
485,DragonPelt,534,6,0.0
486,Dragovoid,294,13,0.0
487,DrainZ,67,1,0.0
488,Dreddwolf,93,2,0.0
489,Ducci,149,23,0.0
490,DudeWeedLmao,1574,43,0.0
491,Dunga,84,9,0.0
492,DuoX,44,6,0.0
493,Durvurkiin,1157,8,0.0
494,Dussia,85,4,0.0
495,DutchPeasant,765,32,0.0
496,Dutilos42,161,24,0.0
497,Dynamiiight,160,6,0.0
498,DynastyBedo,53,1,0.0
499,DysDiv,85,9,0.0
500,EBALTRAHALNASILO,594,30,0.0
501,EDUCGIYPIDE,71,7,0.0
502,ER75BG,85,0,0.0
503,ERROR101,72,0,0.0
504,ESPERMINHA,700,48,0.0
505,EVOhongzaw,2471,13,0.0
506,Earth_the_wizard,121,0,0.0
507,Eaticmno,85,3,0.0
508,EcchiDesu,85,1,0.0
509,Echi,510,6,0.0
510,Eclesya,281,1,0.0
511,Edisu,96,1,0.0
512,Edugei,30,5,0.0
513,Edwardd,955,31,1.0
514,Edweeen,80,3,0.0
515,Egg_Nut,85,2,0.0
516,Eggies,32,1,0.0
517,EgirlEnjoyer,1707,16,0.0
518,EikoTsukimi,332,21,0.0
519,Einrys,2993,10,0.0
520,Ekhto,71,1,0.0
521,EkirtsAvon,254,4,0.0
522,Ekkaiaenoia,417,4,1.0
523,EkkoEcho,665,10,0.0
524,ElJuanchi,78,3,0.0
525,ElKabian,85,1,0.0
526,ElTotom,4132,13,0.0
527,Elel,319,17,0.0
528,Elfiachaa,84,0,0.0
529,Eliteshadowman,1034,12,0.0
530,Ellathar,777,37,1.0
531,Elly,3847,30,0.0
532,Elshad,82,14,0.0
533,EmanSaur,96,13,0.0
534,Ematasomaru,866,19,0.0
535,EmbarrassedCough,85,0,0.0
536,Emdiel,158,37,0.0
537,EmeliaBestGirl,21,1,0.0
538,Emilicopes,97,1,0.0
539,Emirlio,85,24,0.0
540,Empeurman,84,6,0.0
541,EmptySetNull,25,0,0.0
542,EnDy_S,659,18,0.0
543,EndingsOnly,55,17,0.0
544,Endranii,85,24,0.0
545,Endrigar,85,14,0.0
546,Enoshimamiyu,82,8,0.0
547,Enryuuuu,168,19,0.0
548,EnterpriseDesu,33,3,0.0
549,EnvyOmega,85,5,0.0
550,Enyko,358,19,0.0
551,Enzan,85,8,0.0
552,Ephemeral,7923,35,0.0
553,Ephy361,85,1,0.0
554,EriDBst,82,0,0.0
555,EricDoADG,69,2,0.0
556,Erick6400,85,1,0.0
557,Erothaur,666,16,0.0
558,EruisKawaii,5253,57,4.0
559,ErykIII,83,7,0.0
560,Eryth,5492,61,7.0
561,Esdia,82,8,0.0
562,Eskaem,1079,14,0.0
563,Eskos,56,6,0.0
564,Especrial,223,3,0.0
565,Estavel,83,3,0.0
566,Ethanterry,170,4,0.0
567,Eule_no_nishi,85,8,0.0
568,Evan_27,170,4,0.0
569,Evefnn,45,0,0.0
570,Evergarden,4270,24,0.0
571,EvolveQFirst,85,3,0.0
572,Evsik,393,19,0.0
573,Excallight,53,5,0.0
574,Exelquiz,98,2,0.0
575,ExiaRevival,83,0,0.0
576,Exordium,4391,31,0.0
577,Eyeballin,12,0,0.0
578,F4IL0,1966,17,0.0
579,FC2PPV_1560667,3942,38,2.0
580,FGSky1,84,12,0.0
581,FORTNAYT,211,41,0.0
582,FRIEND,209,4,0.0
583,FTKazum,85,0,0.0
584,FUCK_AMQ,734,39,0.0
585,FabiXD21,296,15,0.0
586,FabianAdrian,622,9,0.0
587,FabioPik,76,6,0.0
588,Fackcat,164,3,0.0
589,Fadist,82,2,0.0
590,Fairy9,85,43,0.0
591,Falatharo,645,1,0.0
592,FalsoDiego,542,3,0.0
593,FamGamings,45,3,0.0
594,Famine150,32,2,0.0
595,Fangmatt,169,7,0.0
596,Fanimr17,85,0,0.0
597,Fantazirro,201,2,0.0
598,FarWanderer,37,11,0.0
599,Farmaceut7,174,2,0.0
600,Fatboi,30,0,0.0
601,Feaz,85,4,0.0
602,Feedington,30,0,0.0
603,Felix55,51,0,0.0
604,FellowWeeb6969,85,5,0.0
605,Ferdos,78,4,0.0
606,FernandoGT97,60,3,0.0
607,Fernandoalvs,2712,26,0.0
608,FernardFresh,161,4,0.0
609,Fiiired,85,3,0.0
610,Filia,1369,17,0.0
611,Filmmy,127,4,0.0
612,Finato,170,1,0.0
613,FireThief,85,0,0.0
614,FistyLord,246,3,0.0
615,FlamFilo,550,3,0.0
616,Flameztear,1183,7,0.0
617,Flaming,85,0,0.0
618,FlareBear,1749,14,0.0
619,Flarius,173,3,0.0
620,Flem,2468,26,0.0
621,FloridaJon,54,0,0.0
622,Flotorte,286,3,0.0
623,Flowcon,85,2,0.0
624,FluffyPanda,85,9,0.0
625,Flying_V,85,5,0.0
626,FogSound,1001,10,0.0
627,Frain_Breeze,85,1,0.0
628,FranSora,332,12,0.0
629,Francie,340,8,0.0
630,Freaks,128,0,0.0
631,Frederic94500,4644,24,0.0
632,Freesia,2840,35,0.0
633,Fres,2502,16,0.0
634,FriendlyGhost,54,0,0.0
635,Frogounet,247,7,0.0
636,Frost21,926,17,0.0
637,FrostBolt,82,17,0.0
638,Fuerted,129,3,0.0
639,FujimaSakura,545,41,0.0
640,Fukuda1,2170,5,0.0
641,Fumin99,5138,30,0.0
642,FumoMarisa,85,4,0.0
643,FunPlay642,3658,6,0.0
644,FungusTUH,66,2,0.0
645,Funkagi,52,1,0.0
646,Funkonoki,65,3,0.0
647,Furamun,72,11,0.0
648,Furudead,129,4,0.0
649,FuwaAika,2302,13,0.0
650,Fuyuki,85,10,0.0
651,Fuzzy_Snugs,3687,27,0.0
652,Fxxxxxxxxxxxxxxx,255,4,0.0
653,Fydyrbuf,84,8,0.0
654,FylyaBrush,33,2,0.0
655,GABRIELTR,85,0,0.0
656,GABjT,84,0,0.0
657,GAOOO,2251,22,0.0
658,GEND,85,1,0.0
659,GESH,85,22,0.0
660,GIRIGIRI,49,9,0.0
661,GODman,157,11,0.0
662,GRAW19,116,6,0.0
663,GabiiNakano,48,0,0.0
664,Gabriel_Boric,753,54,1.0
665,Gabs,329,15,0.0
666,Gabyzero,194,7,0.0
667,Gabzz,84,4,0.0
668,Gachiman,255,30,0.0
669,Galaxiio,67,0,0.0
670,Gall,85,1,0.0
671,Gallanextmon,84,3,0.0
672,Galvinor,572,9,0.0
673,GamingGhost,609,13,0.0
674,Gamma_120,26,0,0.0
675,Gandhi42,56,0,0.0
676,GarbageOpinions,753,16,0.0
677,Gaspur,204,2,0.0
678,Gavenda,4603,18,0.0
679,GeneralMayo,425,7,0.0
680,Generalboss,84,0,0.0
681,Genius,361,26,0.0
682,Geoge_Whitfield,84,3,0.0
683,Geogeo,534,7,0.0
684,GeosatWasOnce,85,0,0.0
685,Germicide,2596,28,0.0
686,Ghostking,85,6,0.0
687,GhostsRSpooky,460,7,0.0
688,GhoulCherry,680,9,0.0
689,GiC,85,2,0.0
690,GideonSomnius,85,2,0.0
691,Giggl3s,85,0,0.0
692,Giming,161,0,0.0
693,Gimmicks,832,30,0.0
694,GinGin,4364,26,0.0
695,GinWolker,59,0,0.0
696,GingFreecs,368,9,0.0
697,GingaBishounen,85,13,0.0
698,GinkoSimp,24,4,0.0
699,GintaMain,85,13,0.0
700,GintamaFag,84,8,0.0
701,Giraffe_Juice,85,1,0.0
702,Glass_of_Grass,2532,15,0.0
703,GlassySky1,85,0,0.0
704,Glick,680,4,0.0
705,GlitchedCloud,85,1,0.0
706,Globus712,200,1,0.0
707,GlostU,255,2,0.0
708,GlubGlub,96,1,0.0
709,Gnaxel,251,31,0.0
710,GnipNaij,1248,29,0.0
711,Goatonaspork,2812,29,0.0
712,GodLaharl,4807,20,0.0
713,GoddessKano,446,29,0.0
714,Gojiraph,58,6,0.0
715,Goko765,80,27,0.0
716,Goko8765,6087,39,1.0
717,GokuDoesNotSolo,85,0,0.0
718,GoldenWeed,84,1,0.0
719,Gomeses,76,0,0.0
720,GoodMorning,795,5,0.0
721,Goomba90,1019,29,0.0
722,GopnikKurisu,85,12,0.0
723,GoroShigenoSimp,1335,39,0.0
724,GorudenArcher,23,0,0.0
725,Goukisan,85,3,0.0
726,Gourf,85,1,0.0
727,GragasDu66,567,1,0.0
728,Grapheon,1082,28,0.0
729,GraxarTheUnholy,612,20,0.0
730,GreemBeans,85,2,0.0
731,Greenshaw,85,3,0.0
732,Greta1212,1208,12,0.0
733,Griffyn,193,5,0.0
734,Grimlock,75,0,0.0
735,Grinralt,82,19,0.0
736,GrollenKette951,4821,21,1.0
737,Grontan,85,5,0.0
738,GroovyY,425,5,0.0
739,GuHElric,170,7,0.0
740,Gua,3439,25,0.0
741,Guaa,551,32,0.0
742,Gunfire24,119,3,0.0
743,GuruMorty,1745,22,0.0
744,Gustaco,850,9,0.0
745,Gvts,84,9,0.0
746,Gyafun,154,64,0.0
747,Gyaos,540,6,0.0
748,GyroInmobile,2017,59,0.0
749,Gze,170,11,0.0
750,H0LT,85,6,0.0
751,H2O2O,205,19,0.0
752,HARLEY_louco3,85,6,0.0
753,HDNC,4462,61,1.0
754,HDaen24,757,14,0.0
755,HOOGALAKASHAKA,85,71,0.0
756,Haadez,85,0,0.0
757,Hachiman215,337,40,0.0
758,Hackroj,280,7,0.0
759,Hadarios,112,7,0.0
760,Hagezou,4098,30,0.0
761,Haibara_Ai,2639,59,2.0
762,Hainiryuun,472,14,0.0
763,HakRaiju,4947,20,0.0
764,Hakiboo,1046,10,0.0
765,Hamsda,564,11,0.0
766,HanabiHoneybee,1493,26,0.0
767,Hanasaku,551,11,0.0
768,HandjobRodent,159,11,0.0
769,Handre,54,25,0.0
770,Hannan,25,0,0.0
771,HansiMcKlaus,59,5,0.0
772,Hapiming,141,0,0.0
773,Happyfeed,84,5,0.0
774,HaraNiki_,165,3,0.0
775,HarmlessPotato,85,3,0.0
776,HaruNatsuAkiFuyu,165,43,0.0
777,Haskeri,457,5,0.0
778,Hatsubio,85,33,0.0
779,Hauteclere_13,85,5,0.0
780,Hawkcat,1195,10,0.0
781,Hawkie,225,3,0.0
782,Hayako,144,10,0.0
783,Haykin,85,2,0.0
784,Hazer,78,0,0.0
785,Hazesleet,3692,37,0.0
786,HeartSeeker,584,5,0.0
787,Hejfan,115,1,0.0
788,Hejsan,3583,69,3.0
789,HekiDevi,85,1,0.0
790,Hemeroc,1834,24,0.0
791,Hentainerd,233,3,0.0
792,Heretic,170,4,0.0
793,Hestia,1035,31,0.0
794,Heyhouyou,85,3,0.0
795,Heyko,4558,51,1.0
796,HiHi,2327,29,0.0
797,Hibari,85,32,0.0
798,Hicham040,85,0,0.0
799,Hiiroomi,85,2,0.0
800,Hiitagi,2435,28,0.0
801,Hikaru56,1319,49,0.0
802,Hikigaya8man,376,19,0.0
803,Himawari_san,152,23,0.0
804,HiraiYukari,934,17,0.0
805,Hirasawa4861,58,0,0.0
806,Hirohit0s,188,10,0.0
807,Hiwkaow,434,18,0.0
808,HoboDessert,84,0,0.0
809,Hoipolloi,2712,12,0.0
810,Holybuck,1705,11,0.0
811,HonHon,4307,7,0.0
812,Hooman,421,31,0.0
813,Hoonter77,85,23,0.0
814,HoshinoAi,2775,34,1.0
815,Hotpot,1205,29,0.0
816,Housecat232,83,4,0.0
817,HuuTao,1783,13,0.0
818,Hyado,3946,11,0.0
819,Hydroxyde,84,1,0.0
820,HyperShane,85,5,0.0
821,HyperionS,1253,29,0.0
822,IAbyss,679,31,0.0
823,IDOLSLAYER,65,6,0.0
824,IHaveFamily,94,1,0.0
825,INSOMNIAK,85,1,0.0
826,IQ00,1338,20,0.0
827,ISimp4FBK,85,0,0.0
828,ITSTRITIX,4592,12,0.0
829,I_sitting,85,0,0.0
830,IamDieux,5206,8,0.0
831,Iampjc,85,9,0.0
832,IcaroMTK,6,0,0.0
833,Ice89,65,0,0.0
834,IceBreaker37,85,18,0.0
835,IceControl,75,12,0.0
836,Icebird,1878,15,0.0
837,IceshadeComets,10,2,0.0
838,IdCragEon,502,26,0.0
839,Idol_best_songs,56,1,0.0
840,IdolsCursed,85,18,0.0
841,Ignir11,4931,35,0.0
842,Iindo,66,0,0.0
843,Ikari_Sensei,1568,6,0.0
844,IkeaPoutre,1,0,0.0
845,IkkeStoltAvDet,76,3,0.0
846,Ikuzak,510,51,2.0
847,IllLogic,59,3,0.0
848,Illus,2039,26,0.0
849,Illusi0nn,85,2,0.0
850,IllusionHawk,1843,12,0.0
851,ImBoring,3361,32,0.0
852,ImTooCack,92,7,0.0
853,Imbamegalol,191,7,0.0
854,Immaggie,2679,22,0.0
855,Immortal,85,42,0.0
856,ImmortalIC,989,28,0.0
857,Imonoe,140,1,0.0
858,Imperia,85,0,0.0
859,Implosion,48,7,0.0
860,Impognagrift,170,33,0.0
861,InPassant,85,6,0.0
862,Inf1n1t3_Zer0,84,0,0.0
863,InfinityGoat,12,3,0.0
864,InsaneHysteria,1007,14,0.0
865,Insomenia,1141,10,0.0
866,InspireKnight,85,0,0.0
867,InternetPerson10,207,12,0.0
868,Invoyo,85,0,0.0
869,Iota100,4,0,0.0
870,IpN,67,17,0.0
871,Irebun,337,10,0.0
872,IronCraby,546,41,0.0
873,Isabella_Kate,84,0,0.0
874,ItsAlan,4463,26,0.0
875,ItsAllMeh,25,0,0.0
876,ItzFirst,3141,27,0.0
877,IzayoiMei,243,30,0.0
878,IzumiSakai,4171,59,2.0
879,Izzyubie,169,8,0.0
880,JESSMI2,240,18,0.0
881,JHO,85,0,0.0
882,JJChar,85,3,0.0
883,JKDA_PEPPE,16,0,0.0
884,JSup,36,0,0.0
885,JaPawn,510,30,0.0
886,Jabro,251,19,0.0
887,JackUzi,3575,50,3.0
888,Jaco_kun,165,14,0.0
889,Jakemonkey,1213,35,0.0
890,Jakemonkey123,72,12,0.0
891,Jakkius,74,1,0.0
892,Jakkub,314,13,0.0
893,JakobeBryant,78,9,0.0
894,Jakz,71,0,0.0
895,Jamel,170,20,0.0
896,Jamelinen,170,2,0.0
897,JamesBrown,85,22,0.0
898,Jamie532,29,0,0.0
899,Jams,85,0,0.0
900,Janosik42,85,13,0.0
901,Janoxx,5291,33,4.0
902,Jayfeather6,118,2,0.0
903,Jayko321,85,0,0.0
904,Jdac,78,0,0.0
905,JeJesus,660,7,0.0
906,Jeffy,85,14,0.0
907,Jekovich,238,19,0.0
908,Jeku,1404,7,0.0
909,JenerationNext,566,19,0.0
910,Jerma985,1008,43,1.0
911,Jerrryy,85,0,0.0
912,Jertery,85,3,0.0
913,Jessi,170,31,0.0
914,JezzaC53,24,0,0.0
915,JibRiL1337,4152,27,0.0
916,JibrilTan,1,0,0.0
917,Jiinoo,97,12,0.0
918,JinAxel,286,45,0.0
919,Jinwoo9356,84,9,0.0
920,Jkbooster,111,5,0.0
921,Jlin2,956,55,1.0
922,JoJoe,318,18,0.0
923,Joaodapesti,6,0,0.0
924,JoeYen,2084,17,0.0
925,JohnDoeMan,14,5,0.0
926,Johnjohn,318,4,0.0
927,JohnnyAngel,85,3,0.0
928,JohnnyBoy00,85,1,0.0
929,JohnnyRhythm,1519,19,0.0
930,Jomon,275,10,0.0
931,Jonnyowo,509,5,0.0
932,Jonnyuwu,509,3,0.0
933,JoseMa1711,30,3,0.0
934,Joshmade,85,3,0.0
935,Joske,241,22,0.0
936,Jotaimeme,85,9,0.0
937,Juan123,85,1,0.0
938,JuanStan,211,6,0.0
939,JuanUwU,83,1,0.0
940,Juanchurro,1182,17,0.0
941,Jube,1118,52,0.0
942,Juddin,63,4,0.0
943,JuiceBoxWill,85,5,0.0
944,JuliAless64,7764,44,0.0
945,Julius_Light,85,3,0.0
946,Juneflower,212,3,0.0
947,JungWheein,84,25,0.0
948,JungleBat,72,11,0.0
949,JunnaSaka,85,2,0.0
950,Jurogg,115,0,0.0
951,JustNymph,84,1,0.0
952,JustaWeirdo,249,12,0.0
953,Jxro,386,22,0.0
954,Jznh_,15,0,0.0
955,K0J1MAX,510,3,0.0
956,K0N,170,12,0.0
957,K1ngVince,2262,22,0.0
958,KKayCea,164,6,0.0
959,KSCrane,170,9,0.0
960,K_1_27,57,0,0.0
961,Kabobby_,170,4,0.0
962,Kacperette,98,1,0.0
963,KaedeTakagaki,2705,66,2.0
964,Kaen,287,34,0.0
965,KafuuChinoMyLove,116,42,0.0
966,KagamiAoki,443,11,0.0
967,Kaguri,170,35,0.0
968,KaguyaLunaFancat,2611,12,0.0
969,KaigakuSun,120,0,0.0
970,Kainvs,153,14,0.0
971,KaitouSpade,883,15,0.0
972,Kakkeru,7738,29,3.0
973,Kaltch,1774,13,0.0
974,KamiGami,68,0,0.0
975,KamiNoChikara,60,0,0.0
976,Kami_Maikeru,85,7,0.0
977,Kamiloseq,85,5,0.0
978,Kaminyan,85,6,0.0
979,KanaHanazawa,4715,60,10.0
980,KanaKanowata,167,8,0.0
981,KanariTsumi,5,0,0.0
982,Kanata_Harumi,170,34,0.0
983,Kanata_Konoe,85,0,0.0
984,Kaneki69,83,0,0.0
985,Kanera,391,21,0.0
986,Kanie,202,14,0.0
987,Kanna1412,509,32,0.0
988,Kanra,595,27,0.0
989,Kaorii_77,84,1,0.0
990,Kaplanko,83,4,0.0
991,KappuChinooo,4794,21,0.0
992,Kardrin,1495,19,0.0
993,KarenKohiruimaki,343,8,0.0
994,Karii,85,8,0.0
995,Karma21,81,0,0.0
996,KarmaMS,78,6,0.0
997,Kasha,85,2,0.0
998,KashiraDesuwa,1077,9,0.0
999,Katas,86,1,0.0
1000,Katiica,85,2,0.0
1001,Katorisan,4606,22,0.0
1002,KatsuHoku,85,2,0.0
1003,Kawada6,1791,51,0.0
1004,Kawadog,2275,22,0.0
1005,KawaiiAyame,1706,20,0.0
1006,KawaiiKittin,271,10,0.0
1007,Kayano,87,10,0.0
1008,Kaylee,85,1,0.0
1009,Kaz_Kirigiri,85,2,0.0
1010,Kazaseno,107,23,0.0
1011,Kazso,869,44,0.0
1012,Kazuhalover23,83,1,0.0
1013,Kazunari,170,8,0.0
1014,Ke1,593,17,0.0
1015,Keiko,2038,60,2.0
1016,Keikoxlove,85,7,0.0
1017,KeizanToIsshoNi,85,0,0.0
1018,Keme,73,1,0.0
1019,KengoM,67,0,0.0
1020,KenshiroLD3105,68,1,0.0
1021,KensukeX,254,17,0.0
1022,Kenta,651,41,0.0
1023,KermitHatake,263,17,0.0
1024,Ketsuro,78,0,0.0
1025,Kevinaiter,402,7,0.0
1026,Keyevs,72,4,0.0
1027,Kezja,85,12,0.0
1028,Kibobo,1108,45,0.0
1029,Kielbasa,107,2,0.0
1030,KiiN,5312,40,0.0
1031,Kiishua,3237,40,0.0
1032,Kiiwiix,48,0,0.0
1033,Killeroid,30,0,0.0
1034,KindofLethal,608,6,0.0
1035,KingKamil,85,5,0.0
1036,KingPar,3977,11,0.0
1037,KingVon,85,0,0.0
1038,KingX,13,0,0.0
1039,KingZero52,85,1,0.0
1040,KinokoTeikoku,1565,48,2.0
1041,Kinon,85,9,0.0
1042,Kiodude,11,1,0.0
1043,Kipichan,71,3,0.0
1044,Kiraizaki,85,4,0.0
1045,Kirashura,4,0,0.0
1046,Kiriemon,85,3,0.0
1047,Kirin87,52,3,0.0
1048,Kiro212,85,38,0.0
1049,Kirox,4965,36,0.0
1050,KiryushaNya,78,2,0.0
1051,Kirzo,43,4,0.0
1052,Kisidy,70,12,0.0
1053,KitKatBar,85,6,0.0
1054,Kitoen,151,11,0.0
1055,KitsuneofDreams,170,2,0.0
1056,KittyRenemi,85,9,0.0
1057,Kivu,60,3,0.0
1058,Kkururi,85,3,0.0
1059,Knightofli,51,10,0.0
1060,KnivesXD,1348,29,0.0
1061,Koakuma64,44,0,0.0
1062,KohigashiHitona,217,24,0.0
1063,KoishiK0meiji,85,0,0.0
1064,KoizumiHanayo,85,12,0.0
1065,Kojiro2222,85,1,0.0
1066,Kokoro17,9,1,0.0
1067,Kokosuki,655,53,2.0
1068,Kolea,289,16,0.0
1069,Kolishzaka,85,6,0.0
1070,Konagami,202,12,0.0
1071,Kong27,45,0,0.0
1072,Konkisu,79,6,0.0
1073,KonoDioda1,236,34,0.0
1074,KonominFanBoy,354,56,0.0
1075,Konsumenci,680,32,0.0
1076,KoriSuoh,83,8,0.0
1077,Kosmit,400,15,0.0
1078,KouhaiLover69,170,48,0.0
1079,KousakaHonoka,5817,29,0.0
1080,Kovanel,85,8,0.0
1081,Kowfi,2721,18,0.0
1082,Krades,85,30,0.0
1083,Kradfiz,159,12,0.0
1084,Krane,85,0,0.0
1085,Ksarden,20,0,0.0
1086,Kubi558,85,1,0.0
1087,Kudooooo,65,4,0.0
1088,Kuhaku,78,0,0.0
1089,Kukky,85,0,0.0
1090,KulturOni,73,3,0.0
1091,KungFury,73,0,0.0
1092,KunikidaHanamaru,1419,26,0.0
1093,Kuriel,507,9,0.0
1094,KurisuZ,492,57,0.0
1095,KuronekoLover69,67,1,0.0
1096,Kuronn,5027,26,0.0
1097,Kuroru,5446,32,0.0
1098,Kurumii,56,0,0.0
1099,KuteKashi,19,2,0.0
1100,Kuterin,2671,36,0.0
1101,Kuyoki,85,5,0.0
1102,KxeKxe,85,0,0.0
1103,KyoBo,295,4,0.0
1104,KyoukaiBlue,15,0,0.0
1105,Kyranitar,223,11,0.0
1106,Kyumari,3870,18,0.0
1107,Kyutamaki,368,7,0.0
1108,L00bach,50,5,0.0
1109,L3lanker,75,4,0.0
1110,L9PRIVATESCRIPT,85,1,0.0
1111,LDPix,115,17,0.0
1112,LF_dib,85,0,0.0
1113,LL56,408,18,0.0
1114,LSi4ka,85,3,0.0
1115,LaBravaAMQ,2554,37,1.0
1116,Lacri,1019,19,0.0
1117,LacusClyne,3550,45,5.0
1118,LadyPearl,164,24,0.0
1119,Laffey_,120,31,0.0
1120,Lailaps,8828,33,0.0
1121,Lallana,541,10,0.0
1122,LamBros,85,5,0.0
1123,LamT,131,1,0.0
1124,LamXLam,275,12,0.0
1125,LampadaireHT,2,1,0.0
1126,Lana_chan,3814,33,0.0
1127,Lanaya,55,1,0.0
1128,Lanman1414,7,0,0.0
1129,Lanternnn,286,2,0.0
1130,LarsGamer7,177,9,0.0
1131,Lavastaff,170,3,0.0
1132,Lazago,85,0,0.0
1133,LeDysonV10,676,8,0.0
1134,LeGrandNino,170,12,0.0
1135,LeafGoblin,85,0,0.0
1136,LeandroMRT,11,0,0.0
1137,Leche,406,3,0.0
1138,Legend_,44,15,0.0
1139,Legitted,6008,24,0.0
1140,LegoStarWars,510,4,0.0
1141,LeinOwO,713,31,0.0
1142,Leko,41,6,0.0
1143,Lektroniy,41,2,0.0
1144,LelPop,5203,41,0.0
1145,Lemmm,11,0,0.0
1146,Lenulwesh,170,24,0.0
1147,Leonzra,170,1,0.0
1148,Lermo,4507,19,0.0
1149,LeroyMann,175,13,0.0
1150,LeukocyteKing,2120,15,0.0
1151,Leun,85,1,0.0
1152,LeviF,4610,19,0.0
1153,Levih,338,25,0.0
1154,Levitatem,1786,12,0.0
1155,Lexonox,83,2,0.0
1156,Leytho,145,0,0.0
1157,Lezzado,2690,33,0.0
1158,Liam7300,85,0,0.0
1159,Lian,85,10,0.0
1160,Lichtgott,160,10,0.0
1161,Lifethelif,85,7,0.0
1162,LightKaworu,85,1,0.0
1163,LightKey,85,0,0.0
1164,LikeAFerro,168,8,0.0
1165,LilSlimbo,4915,42,0.0
1166,LilaChan,77,10,0.0
1167,Liliy,3656,13,0.0
1168,Lilligant,95,1,0.0
1169,Lilyphilia,35,1,0.0
1170,Link_Soleil,276,1,0.0
1171,Linksweld,170,4,0.0
1172,Linlinlin,2439,29,0.0
1173,Lionheart,646,34,0.0
1174,Liscia,85,0,0.0
1175,Liselotte,804,11,0.0
1176,Lismy,314,10,0.0
1177,Literallythor,148,1,0.0
1178,LittleBlueMelon,85,19,0.0
1179,LittleRedGhoul,85,0,0.0
1180,Liyuu,135,3,0.0
1181,Lizu,85,5,0.0
1182,Lnk3x,85,1,0.0
1183,LnwTaeLnwZa,30,1,0.0
1184,Lockitr,85,11,0.0
1185,LoliHentai,1954,13,0.0
1186,LoliVivio,116,2,0.0
1187,LolicockX,97,1,0.0
1188,LoliconRa,84,8,0.0
1189,Lolilicious,1056,12,0.0
1190,Lolix,3463,38,0.0
1191,LolzCx,133,0,0.0
1192,Lonaxi,924,36,0.0
1193,LondonChocoroll,147,11,0.0
1194,LonelyLittleStar,85,4,0.0
1195,Lonomega,107,7,0.0
1196,Loomi,1404,15,0.0
1197,LordHans,85,0,0.0
1198,Lord_Binary,3336,27,0.0
1199,Losingxcontrol,85,6,0.0
1200,Losteria,418,23,0.0
1201,LoveLiveEnjoyer,11,0,0.0
1202,Lu107,72,9,0.0
1203,Luan06,80,11,0.0
1204,Lucastico,50,1,0.0
1205,Luchia,728,21,0.0
1206,Lucinaoba,425,8,0.0
1207,Luckkkyyy,132,0,0.0
1208,Ludergott,554,6,0.0
1209,LuffyChin,78,3,0.0
1210,LugiaJP,106,3,0.0
1211,Luina,307,13,0.0
1212,LuisinDaMassa,85,2,0.0
1213,Lukeim,795,6,0.0
1214,LulusFatChin,71,4,0.0
1215,Lum1nus,1941,18,0.0
1216,Lumierepx,789,13,0.0
1217,Luminaree,84,21,0.0
1218,Lumind,85,6,0.0
1219,Lumint,390,20,0.0
1220,LunaticKShing,3231,28,0.0
1221,Lunyatic,1144,17,0.0
1222,Luthy,1010,21,0.0
1223,Luuminous,150,15,0.0
1224,Luunihi,85,0,0.0
1225,LwL,272,13,0.0
1226,LyaIzuko,85,2,0.0
1227,Lykow,85,0,0.0
1228,Lysianthus,824,20,0.0
1229,Lysis,1587,22,0.0
1230,M3ga,4925,18,0.0
1231,MATOU27,1845,29,0.0
1232,MBmasher,567,14,0.0
1233,MH270,338,3,0.0
1234,MIL,1986,15,0.0
1235,MK7,652,47,0.0
1236,MKNono,3496,46,1.0
1237,MTemplariuszy,262,4,0.0
1238,Madaoo,169,3,0.0
1239,Madok,50,4,0.0
1240,Madokami,85,17,0.0
1241,Maelstrom,165,25,0.0
1242,Mafabalakanamar,255,18,0.0
1243,Mafubukichan,85,2,0.0
1244,MageFlameFreeze,1767,29,0.0
1245,MagicOwl,85,8,0.0
1246,MagicalDoragon,234,21,0.0
1247,MahiruShiina,817,40,0.0
1248,Mahotan,85,4,0.0
1249,MaikaLover233,2322,63,2.0
1250,MaikelDB,85,2,0.0
1251,Mairu,67,1,0.0
1252,Maisteri,85,12,0.0
1253,Makaneko,33,7,0.0
1254,Maki04,1171,18,0.0
1255,Maku,153,5,0.0
1256,MamangBijiTakdir,500,26,0.0
1257,Mami,477,51,1.0
1258,MammyKezzy,1383,46,1.0
1259,MamyPoko,3,1,0.0
1260,ManaVit,235,22,0.0
1261,Manapla,132,8,0.0
1262,Mandibula,64,1,0.0
1263,ManicMan1601,84,0,0.0
1264,Mapeza,170,2,0.0
1265,MapleJuice,417,11,0.0
1266,MapleSyyrup,39,5,0.0
1267,Marcupo,85,0,0.0
1268,Marcusx11,433,12,0.0
1269,Marigold,3637,22,0.0
1270,Marijno144,85,0,0.0
1271,Marilenzs,85,1,0.0
1272,MarkMTT,132,8,0.0
1273,MarkelESP,85,1,0.0
1274,Markizzzzz,85,0,0.0
1275,MarmaladeBoy,473,7,0.0
1276,Marsolo1,22,0,0.0
1277,Martel,3,0,0.0
1278,Martinch,720,49,0.0
1279,Maru_Zuki,254,9,0.0
1280,Mashiriki,85,0,0.0
1281,MashiroShiina87,300,14,0.0
1282,Master587,82,8,0.0
1283,MasterBen,67,4,0.0
1284,Masthom,82,1,0.0
1285,Mat76,146,13,0.0
1286,MateuszRycerzPL,424,11,0.0
1287,Math1234,2526,52,0.0
1288,Matik04pl,61,10,0.0
1289,Matt3663,170,3,0.0
1290,Mawanon,3381,24,0.0
1291,Mawers,85,9,0.0
1292,Maxbda74,168,10,0.0
1293,Maxoupe,291,4,0.0
1294,Maykaori,154,7,0.0
1295,Mayottatoki,6032,30,0.0
1296,Mayu,85,2,0.0
1297,Mayuchi,629,34,0.0
1298,McBeatZz,3078,24,0.0
1299,Mcriel,49,4,0.0
1300,Mcslider,4641,27,0.0
1301,Meawtype78,141,28,0.0
1302,Medvedoz,185,8,0.0
1303,Mee4s,16,0,0.0
1304,Megu29,190,26,0.0
1305,Meguca,515,6,0.0
1306,MegumiNoKotodama,21,3,0.0
1307,Megusdf,27,1,0.0
1308,Meigi1234,85,0,0.0
1309,Mekakibodo,255,27,0.0
1310,MekatNorray,219,7,0.0
1311,MelMel,85,3,0.0
1312,MelvinToutCourt,490,2,0.0
1313,Memitoast,83,0,0.0
1314,Menstar,85,1,0.0
1315,Mestfali,85,0,0.0
1316,Met,238,12,0.0
1317,Metak,226,13,0.0
1318,MetamonPiE,4885,25,0.0
1319,Metanoia,796,26,0.0
1320,Mew0082,82,13,0.0
1321,MiMiK3,114,2,0.0
1322,MiTROSKA,170,16,0.0
1323,Mia_Taylor,2042,43,0.0
1324,Miawyu,245,6,0.0
1325,MichaelBaker,172,14,0.0
1326,MichaelisOK,67,3,0.0
1327,Michal500pl,81,0,0.0
1328,Michas08PL,85,4,0.0
1329,MickHeal,85,1,0.0
1330,Midnighttt,243,2,0.0
1331,MiisterBueno,85,2,0.0
1332,Mika_tw,5650,33,1.0
1333,Mikapop,85,0,0.0
1334,Mikasa123,200,19,0.0
1335,Mike_29,85,0,0.0
1336,Miki_Hoshii,521,55,0.0
1337,Miku3,85,0,0.0
1338,MikuOlliet,2453,26,0.0
1339,Milar,3732,41,0.0
1340,Miliguer,170,1,0.0
1341,MilkJiang,2095,47,0.0
1342,Millhiore08,62,13,0.0
1343,Mimori,5460,40,0.0
1344,MineGG,82,0,0.0
1345,Minelauki,85,5,0.0
1346,Mingming,139,31,0.0
1347,MiniSlimo,163,3,0.0
1348,Minifridge,55,32,0.0
1349,MinoriChiharaFan,2342,35,0.0
1350,Minori_Hasegawa,251,26,0.0
1351,Mintleafpie,998,20,0.0
1352,MintyDude,797,12,0.0
1353,Miownfairytale,84,1,0.0
1354,MisheruDesu,1178,11,0.0
1355,Mishikiari,74,1,0.0
1356,Misodium,132,5,0.0
1357,MissMcPhisto,5398,28,0.0
1358,Mist427_,582,28,0.0
1359,Mistrals,84,34,0.0
1360,Misuta_Trent,170,7,0.0
1361,Mitaka,185,0,0.0
1362,Mixelias,159,8,0.0
1363,MiyamaSuzune,17,2,0.0
1364,Miyo,1104,28,0.0
1365,MizuMena,953,6,0.0
1366,Mizuara,32,0,0.0
1367,Mjolnir06,83,0,0.0
1368,MoDaBro,85,3,0.0
1369,Moderu,67,1,0.0
1370,MofurunLover,255,15,0.0
1371,MoltenAshes,4975,39,0.0
1372,Momo_La_Puenta,84,0,0.0
1373,Momopi,600,37,0.0
1374,Monexx,235,1,0.0
1375,MongrelBoy,170,15,0.0
1376,MonkaMonk,85,2,0.0
1377,Monny,85,0,0.0
1378,Monofly,5735,18,0.0
1379,MonsterShack,1118,5,0.0
1380,Mooga24,170,7,0.0
1381,MoonSun,85,0,0.0
1382,Moonbae,114,3,0.0
1383,Moonfizzle,85,1,0.0
1384,Moonshark,59,1,0.0
1385,Mopop,1151,10,0.0
1386,Moquinas,255,6,0.0
1387,MoridiasThe3rd,464,11,0.0
1388,MorioRmz,30,0,0.0
1389,Morthos97,12,0,0.0
1390,Moseph,1314,10,0.0
1391,MostHatedTetsu,170,13,0.0
1392,Moussoubi,159,3,0.0
1393,MrBaflo,84,6,0.0
1394,MrFantasy10,391,4,0.0
1395,MrFurtado,83,7,0.0
1396,MrGarlic,50,0,0.0
1397,MrMario7788,584,5,0.0
1398,MrNapcap,85,13,0.0
1399,MrNipples,553,12,0.0
1400,MrShark,85,7,0.0
1401,MrSkeltal,83,2,0.0
1402,MrWolf,2059,28,0.0
1403,Mr_R1,21,0,0.0
1404,Mrin,85,0,0.0
1405,Mufasakun,59,0,0.0
1406,Muki,84,0,0.0
1407,Musei,1085,24,0.0
1408,MusicDown,4770,37,0.0
1409,MutsukiYukou,85,4,0.0
1410,Mutuca,85,12,0.0
1411,MyBaconIsOnFire,2816,22,0.0
1412,MyLittleShion,1252,24,0.0
1413,My_Hero_Academia,85,15,0.0
1414,MylesTheGreat,79,5,0.0
1415,Myragee,170,4,0.0
1416,MysterLauxenio,170,6,0.0
1417,MysteriousSmurfX,85,16,0.0
1418,MysticKaito,305,15,0.0
1419,MysticalTobi,510,8,0.0
1420,MythAndroid,85,10,0.0
1421,N0Mercy,255,4,0.0
1422,N2U,159,7,0.0
1423,NEMEII,87,5,0.0
1424,NEV0C,335,3,0.0
1425,NFRvalong,65,0,0.0
1426,NJJ,4283,10,0.0
1427,NMapper,1098,30,0.0
1428,NOTES_IN_RANKED,394,41,0.0
1429,NYNAneki,143,5,0.0
1430,NaNikyu,85,1,0.0
1431,Nabla,170,7,0.0
1432,Nach,185,4,0.0
1433,Nafaned,85,1,0.0
1434,Nagash69,3352,31,0.0
1435,Naharad,73,2,0.0
1436,Nahida,340,43,0.0
1437,Naimen,374,25,0.0
1438,NajlepszyGust,135,33,0.0
1439,Nakigoto,253,24,0.0
1440,NamelessDude13,85,1,0.0
1441,NamesAreHard,3624,14,0.0
1442,Nana_Abject,1875,18,0.0
1443,Nanachinmk2,85,8,0.0
1444,Nanakon123,60,5,0.0
1445,NanashiMumei,255,13,0.0
1446,Nano47,85,0,0.0
1447,Nanoha,132,31,0.0
1448,Nanyka,289,5,0.0
1449,NaoJordan,85,23,0.0
1450,NaoeoDJ,2928,14,0.0
1451,NarRouge,525,20,0.0
1452,NaraRuoma,59,2,0.0
1453,Narumie,85,3,0.0
1454,Nasthael,2735,14,0.0
1455,Nath_,295,10,0.0
1456,Natsonic,167,4,0.0
1457,NatsuGirl,85,14,0.0
1458,Natsumi7,74,3,0.0
1459,Navii,85,8,0.0
1460,Naz,167,0,0.0
1461,Naziel,148,11,0.0
1462,Necroseil,85,2,0.0
1463,Nefregar,592,26,0.0
1464,NegroDeLepe,85,0,0.0
1465,Neirda,82,1,0.0
1466,Nekrogen,122,4,0.0
1467,Nekto,422,19,0.0
1468,NelloKudo,255,14,0.0
1469,NemSwirls,167,10,0.0
1470,Neme6,1504,46,1.0
1471,Nemko,2091,5,0.0
1472,NemuiTyga,125,1,0.0
1473,Nene4714xx,677,6,0.0
1474,Nenkitchen,765,14,0.0
1475,NeoAsstolfo,10,3,0.0
1476,NeoZeros,71,0,0.0
1477,Neosse,85,1,0.0
1478,Neraquox,2297,36,0.0
1479,Neren,334,5,0.0
1480,NervousLIst,85,6,0.0
1481,Nesslay,423,20,0.0
1482,Neutral,365,39,0.0
1483,Nev,85,2,0.0
1484,Neversito,85,7,0.0
1485,NewOvermind,145,0,0.0
1486,Newis,132,4,0.0
1487,NickachuAZ,116,1,0.0
1488,Nico8,81,26,0.0
1489,NicoIe,5527,51,2.0
1490,NicolajK91,85,17,0.0
1491,Nicromatic,98,8,0.0
1492,Nieliro,46,0,0.0
1493,NierHellFire,133,9,0.0
1494,NigativeLY,80,6,0.0
1495,Niiets,85,7,0.0
1496,NijinoYume721,159,1,0.0
1497,Nijirin,57,3,0.0
1498,NikMint,71,4,0.0
1499,Nikana,54,1,0.0
1500,Nikhilmao,85,2,0.0
1501,NikoNegima,2128,15,0.0
1502,Nimbasa,73,4,0.0
1503,Niney,13,0,0.0
1504,Ningay,174,4,0.0
1505,NinjaShi,93,2,0.0
1506,Ninjasteel,85,0,0.0
1507,NinosThighs,84,1,0.0
1508,Nint,170,6,0.0
1509,Nispa,822,15,0.0
1510,Nith,340,3,0.0
1511,Nitonobuna,164,46,0.0
1512,Nitoryu,247,6,0.0
1513,Nitrym,1353,19,0.0
1514,Nixian,2075,10,0.0
1515,NoHypeAllowed,595,25,0.0
1516,NoWay,506,2,0.0
1517,NoahHarbor,84,4,0.0
1518,NocNoc,134,11,0.0
1519,NocTurnedAway,170,5,0.0
1520,Noctis_L_Caelum,559,20,0.0
1521,Nocty,7248,32,0.0
1522,Noerusuu,97,29,0.0
1523,Nolle,550,7,0.0
1524,Nomad,135,0,0.0
1525,NoncefromQC,84,2,0.0
1526,NoobDemon,84,10,0.0
1527,NoobOpPlayer,233,19,0.0
1528,Nordic,425,13,0.0
1529,Noru,6696,53,0.0
1530,NotHansO,164,11,0.0
1531,NotNunchi,236,15,0.0
1532,NotZero,169,5,0.0
1533,Not_a_Ninja,84,2,0.0
1534,Noty,43,1,0.0
1535,NougatMonster,5250,39,0.0
1536,Nowa,85,0,0.0
1537,Nozomi11,103,4,0.0
1538,NuetronJimmy,242,5,0.0
1539,NumberSix,160,8,0.0
1540,Numincx,3053,18,0.0
1541,Nunchi,153,9,0.0
1542,NuskuKouhai,85,0,0.0
1543,NyanDriss,85,1,0.0
1544,Nyphero,85,5,0.0
1545,OKI02,85,5,0.0
1546,OMG_CAT,139,6,0.0
1547,ONIMAI,156,51,0.0
1548,OREILLESDUPAIN,82,1,0.0
1549,ORKkauz,1950,18,0.0
1550,OTAKUAnimeOTAKU,62,0,0.0
1551,OTae,1047,28,0.0
1552,Oblivion,139,5,0.0
1553,Ocarilove,3559,29,0.0
1554,Octavio,643,12,0.0
1555,Ogadex,85,1,0.0
1556,Oh_Tony,79,0,0.0
1557,OkamiTheOne,144,3,0.0
1558,OkamiTheOuaf,84,2,0.0
1559,Okitan,3168,28,0.0
1560,Okuzeen,255,6,0.0
1561,OmegaAlpha,81,0,0.0
1562,Onetel2,1368,15,0.0
1563,Onichan17,467,6,0.0
1564,OnlyAnswerEreY2K,567,15,0.0
1565,OnlyBandMaid,1499,35,0.0
1566,OnlyChihara,327,39,0.0
1567,OnlyClariS,85,0,0.0
1568,OnlyJewelpet,203,62,0.0
1569,OnlyLittleBuster,85,51,0.0
1570,OnlyLocodol,81,16,0.0
1571,OnlyMaiNatsume,170,17,0.0
1572,OnlyMonMusu,2853,50,3.0
1573,OnlyMonogatari,75,1,0.0
1574,OnlyShiori,103,3,0.0
1575,OnlySports,975,30,0.0
1576,Ookly,74,6,0.0
1577,OomuroHanako,67,0,0.0
1578,OperCut,1209,12,0.0
1579,OppaiHacker,50,1,0.0
1580,OptimusPrime,1436,18,0.0
1581,OrabisS,85,1,0.0
1582,OreosAreNeat,85,1,0.0
1583,OresamaAi,63,2,0.0
1584,Orfey,4824,43,2.0
1585,Orium,160,3,0.0
1586,Orky,137,6,0.0
1587,Orren,44,7,0.0
1588,Orusemental,80,0,0.0
1589,Oscuridos,254,4,0.0
1590,Oshino_bu,3086,38,0.0
1591,Otaku7598,170,6,0.0
1592,Otterhond101,7770,9,0.0
1593,Otters11,83,0,0.0
1594,Ouiaboo,5105,34,1.0
1595,Oustoky,140,3,0.0
1596,Owari1,85,3,0.0
1597,PKLau,772,22,0.0
1598,POGGEURS,1770,13,0.0
1599,POOL_CLOSED,715,3,0.0
1600,PYKEMASTERMIND69,71,3,0.0
1601,Pabelo,676,5,0.0
1602,Pabloblade,5223,32,0.0
1603,Pajro,279,5,0.0
1604,Pamuwu,387,5,0.0
1605,PandaPlex,481,4,0.0
1606,Pandaman51,49,2,0.0
1607,PandoraSC,2537,14,0.0
1608,Pangdori,5008,10,0.0
1609,Panic,85,0,0.0
1610,Paokun190,46,7,0.0
1611,PaperOrigami,5821,23,0.0
1612,PapiRalito,85,1,0.0
1613,Papitaa,186,4,0.0
1614,Pareo,297,13,0.0
1615,Pastatarte,134,3,0.0
1616,Patatatxan,170,9,0.0
1617,Patri_chan,85,2,0.0
1618,Patria,21,16,0.0
1619,Pawrito,47,0,0.0
1620,PearI,1377,45,2.0
1621,Pecomare,83,9,0.0
1622,Pedro_Martinez,85,0,0.0
1623,Pekorrat,84,12,0.0
1624,PenguinBlue,85,1,0.0
1625,PenguinSavage16,85,0,0.0
1626,Pengvinen,1679,26,0.0
1627,PepaNohy,83,0,0.0
1628,PepeG0tera,85,6,0.0
1629,PepeGV13,85,12,0.0
1630,Peter138,72,1,0.0
1631,Phahuris,2121,5,0.0
1632,PhantomBlood678,76,3,0.0
1633,Phantomig,63,0,0.0
1634,Phijkchu_Pikachu,583,16,0.0
1635,Philistor,14,2,0.0
1636,Phio,64,1,0.0
1637,Phizh,85,11,0.0
1638,Phleim,170,16,0.0
1639,Phoenix21,152,2,0.0
1640,PhotonMaiden,39,17,0.0
1641,Phreaktaco,47,0,0.0
1642,Phuongue,48,0,0.0
1643,PickleRick,84,4,0.0
1644,PidgeHime,85,14,0.0
1645,PierceTheHeavenz,85,4,0.0
1646,Pierosaur,167,24,0.0
1647,PiggyGaming,246,35,0.0
1648,PiiNi524,907,4,0.0
1649,PikachuIsYellow,992,25,0.0
1650,PikachuKawaii,41,4,0.0
1651,Pile,169,35,0.0
1652,Pinkuiro,589,15,0.0
1653,Pipler,1769,18,0.0
1654,PiscesAmo,85,16,0.0
1655,Pixelbuddha,85,0,0.0
1656,Pixiuss,43,0,0.0
1657,PizzaMozzarella,170,4,0.0
1658,Poggers420,85,17,0.0
1659,Poini,170,9,0.0
1660,PoisonBoy,85,3,0.0
1661,PolarOK14,85,5,0.0
1662,Pollaregrande,372,19,0.0
1663,Pomu,76,7,0.0
1664,Ponamis,69,0,0.0
1665,PoolNoodle,2304,64,3.0
1666,Popoforte,85,0,0.0
1667,PoppinPartyLover,85,17,0.0
1668,Popples,145,1,0.0
1669,Poppysr,928,19,0.0
1670,Porte,152,30,0.0
1671,Poshy,167,2,0.0
1672,PotassiumF,255,10,0.0
1673,Potatosnipez,168,9,0.0
1674,PpCrusader,169,5,0.0
1675,Pr3ssE,85,9,0.0
1676,Pratasz,2010,43,3.0
1677,Premieressai,2175,43,0.0
1678,Prez_Poverty,4624,15,0.0
1679,PrincessPika,742,10,0.0
1680,Progenitor,169,2,0.0
1681,Protosoul,52,3,0.0
1682,Proxni,341,4,0.0
1683,PsCid,1106,34,0.0
1684,PsyIsBack,1687,19,0.0
1685,PsycheTaxi,5250,22,1.0
1686,Puffin_W,419,27,0.0
1687,PuffyTanuki,50,1,0.0
1688,Pug1e,85,2,0.0
1689,PulseVorteX,1559,38,1.0
1690,Pungy,2308,27,0.0
1691,Punitsuki,763,18,0.0
1692,Purple_Element,2521,14,0.0
1693,Pyramid,595,39,0.0
1694,Python,850,43,1.0
1695,Qsan,85,0,0.0
1696,Quagmire,85,8,0.0
1697,Quagony,238,2,0.0
1698,Qubus2001,59,0,0.0
1699,Queel,63,0,0.0
1700,QueenofFlies,85,0,0.0
1701,QuestionMarkGod,24,1,0.0
1702,QuinnOTP,98,17,0.0
1703,Quirt,36,0,0.0
1704,QwertyIsANerd,84,0,0.0
1705,RAOUL,1095,9,0.0
1706,RC822,42,1,0.0
1707,RDies,85,1,0.0
1708,REDOOO,98,2,0.0
1709,ROBK34c,4028,28,1.0
1710,RRevengeY,82,0,0.0
1711,RTryptophan,85,2,0.0
1712,R_Inanimate,108,8,0.0
1713,R_L_slick,413,9,0.0
1714,RachiwiMad,739,8,0.0
1715,Radi,157,15,0.0
1716,RadicalM1nd,340,28,0.0
1717,Ragna_Bloodedge,59,0,0.0
1718,Raid3n,4215,12,0.0
1719,RaidenMei,162,27,0.0
1720,RaiderSky,85,6,0.0
1721,Raifu,145,21,0.0
1722,Raindrop,267,19,0.0
1723,RainyStarlight,78,25,0.0
1724,Raitokukki,79,1,0.0
1725,Raitoningu,169,5,0.0
1726,RakW99,2939,25,0.0
1727,Rakall_040,85,0,0.0
1728,Ralrak,110,6,0.0
1729,Ran1k,133,3,0.0
1730,RandomEnjoyer,78,30,0.0
1731,RandomGuyBTW,4184,28,0.0
1732,RandomTryhard,318,6,0.0
1733,RankedTeamer40,107,3,0.0
1734,RankedTeamer6,119,1,0.0
1735,Raphioli,85,6,0.0
1736,Raqibooby,475,10,0.0
1737,Rasor,169,9,0.0
1738,Rasthavor,589,10,0.0
1739,RaveAnt,85,0,0.0
1740,Raziel,424,9,0.0
1741,RazorrClawww,85,3,0.0
1742,Razphiel,148,20,0.0
1743,Razzy181,523,34,0.0
1744,Re_Logistik73,1995,35,2.0
1745,Realmas,680,9,0.0
1746,RedWind,330,15,0.0
1747,Reel,340,24,0.0
1748,Refairam,81,5,0.0
1749,Refortuner3,34,0,0.0
1750,Reiji_Maigo,159,41,0.0
1751,Reikisa,14,1,0.0
1752,Reiniblue,8970,29,0.0
1753,RemiXNava98,2258,9,0.0
1754,Remioactive,815,12,0.0
1755,Remzcore,424,18,0.0
1756,RenHazuki,131,4,0.0
1757,RenShadowblade,79,0,0.0
1758,Renchon17,30,4,0.0
1759,Renegado,144,59,0.0
1760,Renjun,78,9,0.0
1761,Renzou,84,0,0.0
1762,Retired_Player,138,12,0.0
1763,Revengeofbob,1841,10,0.0
1764,Revirath,3806,16,0.0
1765,RevoloverOcelot,133,7,0.0
1766,Rho_Theta,976,19,0.0
1767,Riaru_,236,1,0.0
1768,Richa,206,6,0.0
1769,RichardVav,48,1,0.0
1770,RickAshayz,8043,28,0.0
1771,Ride,47,0,0.0
1772,RileyCZZ,39,0,0.0
1773,Rimakusukusu,73,0,0.0
1774,Rixie,27,0,0.0
1775,Rlsc,1159,22,0.0
1776,RoMirai,85,7,0.0
1777,RobiDable,85,5,0.0
1778,Rodri,11,0,0.0
1779,Romallka,212,2,0.0
1780,Rooster7654,85,0,0.0
1781,RoyalBat,255,10,0.0
1782,Rozzy,85,2,0.0
1783,Rtyzen,167,20,0.0
1784,Rubikson,2423,50,1.0
1785,Rukawa11,8893,74,18.0
1786,RulessR,2786,35,0.0
1787,Rulysan,6396,39,0.0
1788,Runner,177,9,0.0
1789,Rurine,66,3,0.0
1790,RusianPT,73,0,0.0
1791,Ryanchu,340,3,0.0
1792,RyokuShaka,4321,39,2.0
1793,RyukoKawaii,167,1,0.0
1794,Ryusein,610,6,0.0
1795,Ryuune,3136,26,0.0
1796,Ryvalynn,71,2,0.0
1797,S1rVin3,85,2,0.0
1798,SANSs,164,1,0.0
1799,SBphiloz4,222,10,0.0
1800,SC2SIC,4163,17,0.0
1801,SMidch,48,0,0.0
1802,SPUDJAKLUVR2002,170,6,0.0
1803,SSSSRUN,672,13,0.0
1804,STRANGE_JOURNEY,30,4,0.0
1805,Saaba,66,5,0.0
1806,Saabel,80,0,0.0
1807,SabiiTsukiyomi,5366,21,0.0
1808,Sacrier,2987,12,0.0
1809,Sadistic,170,4,0.0
1810,Saekk,260,2,0.0
1811,SaemonNoSuke,72,11,0.0
1812,Saftladen27,4813,31,0.0
1813,SaikiChan,1190,31,0.0
1814,Sakamaki808,55,0,0.0
1815,Saki0416,300,2,0.0
1816,SakumaRei,85,1,0.0
1817,SakuraFujima,6049,60,2.0
1818,SakuraMitsutsuki,34,2,0.0
1819,SakuraSkip,771,6,0.0
1820,SakurabaRola,3309,50,1.0
1821,SalDaFish,323,5,0.0
1822,Salhadaar,170,13,0.0
1823,Salvarity,77,10,0.0
1824,Samba_IEM,170,8,0.0
1825,Sammeeeee,2552,21,0.0
1826,SamySlaby,168,21,0.0
1827,Sanjo,36,0,0.0
1828,Sanoxx,254,3,0.0
1829,Sansi,85,7,0.0
1830,Santaska,67,0,0.0
1831,Santhleno,85,18,0.0
1832,SaooK,85,5,0.0
1833,Sapoleto,1934,31,0.0
1834,Saren,252,46,0.0
1835,SaruArsten,127,10,0.0
1836,Sasuke_L,2334,15,0.0
1837,Sasuraiger,137,20,0.0
1838,Satorii,85,40,0.0
1839,Satoriii,83,12,0.0
1840,Satoships,84,1,0.0
1841,SawanoGod,76,1,0.0
1842,Saxy,4,0,0.0
1843,Saycom,152,2,0.0
1844,SayoAsu,57,0,0.0
1845,SayoPotato,1613,29,0.0
1846,Sayuriii,350,12,0.0
1847,ScarredSceptile,2693,22,0.0
1848,Schneefelsen,1056,6,0.0
1849,Schteili,85,6,0.0
1850,Scorpionsrl,56,13,0.0
1851,Scot21,85,8,0.0
1852,Scrapie,328,31,0.0
1853,Scrimgore,85,9,0.0
1854,Sdragohn,764,23,0.0
1855,SeaRapids,778,3,0.0
1856,SebastianPereiro,589,27,0.0
1857,Seclusive,837,20,0.0
1858,Segu,319,24,0.0
1859,Seike,802,16,0.0
1860,SenKura,30,0,0.0
1861,SeniorPepe,85,18,0.0
1862,SenkoSanEnjoyer,150,23,0.0
1863,Senpai_Seb,48,2,0.0
1864,Sepy,401,20,0.0
1865,Seranityisolated,84,1,0.0
1866,Serecola,101,22,0.0
1867,Serene,226,7,0.0
1868,Serozero,980,27,0.0
1869,Setherane,63,5,0.0
1870,Sezzo,30,2,0.0
1871,Sgtvp,830,42,1.0
1872,Sh1bs,81,9,0.0
1873,Sh1n0r4,170,3,0.0
1874,Sha,164,12,0.0
1875,Shadow_Adachi,85,1,0.0
1876,Shadowshiro,425,8,0.0
1877,Shadoww_,95,7,0.0
1878,Shag,1982,54,0.0
1879,ShamPidgN,85,2,0.0
1880,Shanrin,254,3,0.0
1881,Shapes,130,3,0.0
1882,Sharo,227,28,0.0
1883,Sheepposu,38,0,0.0
1884,Shelia,1081,27,0.0
1885,Shidorin,82,1,0.0
1886,ShiinaMahiru,4587,48,0.0
1887,Shila,3115,24,0.0
1888,Shimamura,85,6,0.0
1889,Shimykyan,394,12,0.0
1890,Shin_Astra,584,7,0.0
1891,ShinichiKudo,44,12,0.0
1892,Shinku,85,1,0.0
1893,Shinobobu,44,2,0.0
1894,Shiraha,203,35,0.0
1895,Shirakami_FBK,2857,23,0.0
1896,Shiro0872,82,0,0.0
1897,ShiroDeviluke,36,6,0.0
1898,ShiroKuro,1689,59,1.0
1899,Shiro_dps,335,3,0.0
1900,Shiroha,152,29,0.0
1901,ShiroiKuma,85,0,0.0
1902,Shironesu,931,37,0.0
1903,ShirouKitsune,5529,33,2.0
1904,ShitBigUpdate,330,41,0.0
1905,Shiyo,85,0,0.0
1906,Shizuru,68,15,0.0
1907,Shodai,2249,22,0.0
1908,Shoira,85,13,0.0
1909,ShoukoMakinohara,85,34,0.0
1910,Shouwa,85,15,0.0
1911,Shpak,85,3,0.0
1912,Shun00,255,9,0.0
1913,Shuuka,486,56,0.0
1914,ShyLisio,85,1,0.0
1915,Sichi,85,8,0.0
1916,SiderSi,85,7,0.0
1917,Sidirodromos,690,22,0.0
1918,Siegleicht,83,19,0.0
1919,Siguyflyguy,169,0,0.0
1920,Silesia,38,0,0.0
1921,Silphore,83,0,0.0
1922,SilverSamurai,85,0,0.0
1923,Simon_Blackquill,85,9,0.0
1924,SimpSensei7,85,1,0.0
1925,SimpleFlips,55,0,0.0
1926,SirAronR,85,15,0.0
1927,Sirion,81,1,0.0
1928,Sirius777,4576,31,0.0
1929,Skath,403,21,0.0
1930,Sketty,85,2,0.0
1931,SkillTroll,85,1,0.0
1932,Skychael,420,16,0.0
1933,Skyrider2000,510,4,0.0
1934,Skyvalanche,71,0,0.0
1935,Slade91021,216,9,0.0
1936,Slayer1,68,2,0.0
1937,SlayerofDeath754,168,1,0.0
1938,SlowLoopKing,20,0,0.0
1939,Slowlii,200,11,0.0
1940,SmartHardyz,878,45,1.0
1941,Smkacchino,85,4,0.0
1942,Smokulec,784,9,0.0
1943,SmoothTerumi,66,5,0.0
1944,Smushi,85,6,0.0
1945,SnO2WMaN,419,19,0.0
1946,Snakefreak,85,8,0.0
1947,SnappyHuy148,85,4,0.0
1948,Snezhochek,216,7,0.0
1949,SniperMonke,82,6,0.0
1950,Snowflake,267,8,0.0
1951,SoSquish,85,0,0.0
1952,Socks,142,0,0.0
1953,SoftGoat,169,8,0.0
1954,Solide,85,1,0.0
1955,Solo,107,17,0.0
1956,Solosion,3802,25,0.0
1957,Someone9030,85,0,0.0
1958,Sonoko,531,40,0.0
1959,SoraShiroTenshi,87,0,0.0
1960,Sorano,3088,30,1.0
1961,Sorawooo,1416,35,0.0
1962,Soreiyu,3576,25,0.0
1963,Soul98,85,36,0.0
1964,Souls,77,3,0.0
1965,Soundoom,1372,39,0.0
1966,Souzoku,5,2,0.0
1967,Sovi,3039,27,0.0
1968,Sozicky,85,8,0.0
1969,Spartric,4041,28,0.0
1970,SpicyChicken,85,0,0.0
1971,Spicy_Onion,85,0,0.0
1972,Spirit_FMP,52,0,0.0
1973,SpiroBG,428,10,0.0
1974,Spironius,85,0,0.0
1975,Spitzell,638,45,0.0
1976,Splatt,85,0,0.0
1977,Splito,247,15,0.0
1978,Splorgi,169,7,0.0
1979,Spongecck,2,0,0.0
1980,Sporadic,782,5,0.0
1981,Spyci,5191,8,0.0
1982,Spyggt,71,0,0.0
1983,Squallbrea,85,6,0.0
1984,SrSattack,85,12,0.0
1985,SrueyaF,491,69,4.0
1986,Ssirdid,67,3,0.0
1987,Stack,85,6,0.0
1988,Staffrout,115,7,0.0
1989,Stahn,170,9,0.0
1990,Stalker15,67,4,0.0
1991,StarBreakaer,512,43,0.0
1992,Stardew,258,3,0.0
1993,StardustGogeta,306,2,0.0
1994,Starmiyaa,118,19,0.0
1995,Staronin,85,0,0.0
1996,Starsphase,45,4,0.0
1997,Stat1cz,50,0,0.0
1998,Steelrocket,987,46,0.0
1999,Steep,124,9,0.0
2000,Stellarr,85,2,0.0
2001,StephWeeb,91,6,0.0
2002,Stick,48,0,0.0
2003,Stir,85,6,0.0
2004,Storm4343,169,2,0.0
2005,Stunar,3269,64,0.0
2006,Substantialize,255,0,0.0
2007,Sudraarjan,170,20,0.0
2008,SuerkruB,161,9,0.0
2009,Suichan,47,5,0.0
2010,Suissai,165,6,0.0
2011,Sulivane,583,17,0.0
2012,Sumaizu,139,6,0.0
2013,SunFlow,85,0,0.0
2014,SundafisH,61,0,0.0
2015,SuperGhost,85,2,0.0
2016,SuperMario64,3123,50,2.0
2017,Super_Piocheman,81,1,0.0
2018,Superior1,84,1,0.0
2019,Superlock,39,0,0.0
2020,Supermew,85,1,0.0
2021,Supersj1997,85,33,0.0
2022,Suppi9,324,12,0.0
2023,Surokune,1612,38,0.0
2024,Susie,169,1,0.0
2025,Sutanrrier,84,0,0.0
2026,Suzuno,182,7,0.0
2027,Swaye,4404,35,0.0
2028,SwiiFT,79,0,0.0
2029,Swordkun,1909,35,0.0
2030,Swords,5228,44,0.0
2031,SyRacuse,85,15,0.0
2032,Syan32,3199,24,0.0
2033,Sylphover,38,0,0.0
2034,Sylty,85,0,0.0
2035,SyusetuKohaku,340,19,0.0
2036,Szadel,573,8,0.0
2037,Szafa,6005,45,2.0
2038,Szczurek,1105,22,0.0
2039,Szumiel,85,8,0.0
2040,TAIGASUCKS,67,2,0.0
2041,TAPSLIME,15,1,0.0
2042,TGGScarFace,425,5,0.0
2043,TJ09,170,3,0.0
2044,TJohnShepard,85,4,0.0
2045,TKN,9988,45,4.0
2046,TMK1k,85,2,0.0
2047,TRIPLESIXGOD,211,5,0.0
2048,TV,443,21,0.0
2049,TadejPogacar,254,8,0.0
2050,Taguri,169,3,0.0
2051,Taiketsu47,283,31,0.0
2052,TakamiChika,4962,24,0.0
2053,Takodachi,3989,27,0.0
2054,Takonono,71,1,0.0
2055,Tangular,143,3,0.0
2056,Tanzeem7,85,2,0.0
2057,TapaJu29,340,10,0.0
2058,Tapadnom,67,25,0.0
2059,Tapumomo_,4790,28,0.0
2060,Taromisu,2379,13,0.0
2061,Taroumaru,1317,20,0.0
2062,TatakaeRuffy,2898,28,0.0
2063,Tavog14,6583,17,0.0
2064,Tayl0r,68,2,0.0
2065,Tbotas,85,13,0.0
2066,Teadust,254,0,0.0
2067,Teazie,61,5,0.0
2068,Teddsticle,77,1,0.0
2069,Teddybear69Pablo,896,8,0.0
2070,TeeMate,222,4,0.0
2071,TeekyuOnly,3248,30,0.0
2072,Tei,425,10,0.0
2073,Tekutokiari,85,9,0.0
2074,Temiblor,1355,8,0.0
2075,Tempura,553,31,1.0
2076,Tengaku,170,5,0.0
2077,Tenshie,2268,7,0.0
2078,TenzinFurukawa,169,20,0.0
2079,Test696969,53,1,0.0
2080,Tetoy,2660,8,0.0
2081,Tevlenn,85,3,0.0
2082,Tgump,334,2,0.0
2083,Thaleko,7189,53,3.0
2084,Thalekovid,59,1,0.0
2085,Thanatosu666,170,4,0.0
2086,TheCrimson,85,0,0.0
2087,TheDangerGames,57,0,0.0
2088,TheFateOf,85,15,0.0
2089,TheFistOfShadow,169,3,0.0
2090,TheFrostbyte26,230,14,0.0
2091,TheGmaster1111,64,0,0.0
2092,TheGuyCalledBob,529,10,0.0
2093,TheMefisto,147,5,0.0
2094,TheMiceJuggler,85,4,0.0
2095,TheMortalOne,2477,28,0.0
2096,TheNewBungping,154,10,0.0
2097,TheOnlyOne,2815,34,0.0
2098,ThePhantomX,85,0,0.0
2099,ThePockyAddict,85,4,0.0
2100,TheSamBoy,463,10,0.0
2101,TheTipo01,85,8,0.0
2102,Theaddist,128,9,0.0
2103,Theodore,262,5,0.0
2104,Theoneeagle,68,5,0.0
2105,Thephantomtroupe,634,20,0.0
2106,Thesandwich,67,23,0.0
2107,Theseus,2049,44,4.0
2108,TheyGotTinyNick,170,19,0.0
2109,Thoert,70,5,0.0
2110,Thomanimeopening,187,9,0.0
2111,Thundiii,233,18,0.0
2112,TiJ,322,8,0.0
2113,TigerOfTheTojo,85,0,0.0
2114,TigerWolverine,85,11,0.0
2115,Timcampy118,2,1,0.0
2116,Tiralex1,211,6,0.0
2117,Titirex,85,7,0.0
2118,Tmanxd321,156,0,0.0
2119,ToToTroll,1637,10,0.0
2120,To_oPT,85,1,0.0
2121,ToastDouma,41,0,0.0
2122,Tobilerone,85,1,0.0
2123,Tobito_san,82,2,0.0
2124,Todorius,649,21,0.0
2125,Toha,829,14,0.0
2126,Tokisaki,338,19,0.0
2127,Tokufi,717,28,0.0
2128,Tony_D_the_Third,122,1,0.0
2129,Toobese,462,13,0.0
2130,TopRamen,28,3,0.0
2131,Topodo,2071,16,0.0
2132,Toppinger,168,20,0.0
2133,Torradinhas,252,30,0.0
2134,TotallyNotNyarth,4970,15,0.0
2135,Totot,85,33,0.0
2136,Toxaros,80,5,0.0
2137,Tracto,85,15,0.0
2138,Tranquil,115,2,0.0
2139,Transpoin,721,18,0.0
2140,Treddy,287,4,0.0
2141,Treeyuri,2875,10,0.0
2142,Tricodin,161,10,0.0
2143,Tristop,79,5,0.0
2144,Trofflesby,6,0,0.0
2145,TrueXC,3336,39,0.0
2146,TryHarder,170,13,0.0
2147,Tryyot,146,22,0.0
2148,Tssubaki,553,14,0.0
2149,Tsui,3391,33,0.0
2150,Tsunderegoddess,153,11,0.0
2151,Tsurune,85,27,0.0
2152,TsushimaYoshiko,652,23,0.0
2153,Tsuwagi,83,11,0.0
2154,Tugiacat,3201,22,0.0
2155,Tulip,46,1,0.0
2156,TurdleShell,160,4,0.0
2157,Turrtwiig,75,7,0.0
2158,Turtle76,8057,28,0.0
2159,TurtleSenpaii,85,3,0.0
2160,Tutti,84,26,0.0
2161,Tvaz,2108,30,0.0
2162,Tybol,85,0,0.0
2163,Tyoshi99,3111,25,1.0
2164,Tyrfing,85,5,0.0
2165,Tyu,85,14,0.0
2166,Tyui,170,24,0.0
2167,UImoetard,2788,29,0.0
2168,UOMI,1029,25,0.0
2169,Ultimate,1591,34,0.0
2170,Ulvehunden,85,6,0.0
2171,UmiFlower,396,17,0.0
2172,UnaFreyre,74,0,0.0
2173,UnableShock,116,3,0.0
2174,UndeadDJay,30,2,0.0
2175,Unforgiven,484,18,0.0
2176,Uniqe_apple,85,0,0.0
2177,Unknown17,82,5,0.0
2178,UnknownI7,170,71,0.0
2179,Unknownfool,85,11,0.0
2180,Unner,467,5,0.0
2181,Unsiph,2484,40,1.0
2182,UnstoppableSnail,84,8,0.0
2183,Unybun,85,1,0.0
2184,Unyx,15,0,0.0
2185,UrTypicalGuy,361,13,0.0
2186,UraduTsu,1161,13,0.0
2187,Urarakaaa,62,0,0.0
2188,UsadaPekora,122,17,0.0
2189,UselessDuck,85,61,0.0
2190,UserNamesR2H0ard,85,6,0.0
2191,Usika,446,7,0.0
2192,Uskighte,4621,35,0.0
2193,Uta_chan,85,3,0.0
2194,UwU_Bobe,1707,15,0.0
2195,UweDana,12,0,0.0
2196,VaIaNa,978,33,0.0
2197,Vaalentin,74,3,0.0
2198,Vaeternum,953,11,0.0
2199,Vailurex,56,0,0.0
2200,ValZZu,72,0,0.0
2201,Valarux,85,0,0.0
2202,ValeDuodecem,85,9,0.0
2203,Vali10,2129,12,0.0
2204,Valkriiee,85,2,0.0
2205,ValkyrieAsuka,1263,38,1.0
2206,Valscrim,85,3,0.0
2207,VanillahZ,85,4,0.0
2208,Vardant,230,20,0.0
2209,VdeT,189,3,0.0
2210,Veiori,83,1,0.0
2211,VelvetLazlo,85,3,0.0
2212,Ventak,187,3,0.0
2213,Veteran_Scrub,415,32,0.0
2214,Vevet,28,6,0.0
2215,Vexayng,79,0,0.0
2216,VictorL,85,7,0.0
2217,Vigard,1193,19,0.0
2218,Vikacocoa,168,35,0.0
2219,Vincexplo,85,3,0.0
2220,Vindstot,3888,29,0.0
2221,VineRosy,5174,22,1.0
2222,Vinier,85,2,0.0
2223,Violetcat,85,5,0.0
2224,Viruzaum,81,4,0.0
2225,Vivy417,149,22,0.0
2226,VnSoul,2272,30,0.0
2227,VocalTK,85,3,0.0
2228,VoezAudite,85,0,0.0
2229,Voltzzz,37,0,0.0
2230,Volund,301,17,0.0
2231,Volvo,85,13,0.0
2232,Volzank,82,1,0.0
2233,Vossa,77,17,0.0
2234,Vukaa,170,5,0.0
2235,Vulcan,85,15,0.0
2236,Vulf,3625,36,1.0
2237,Vulp,158,9,0.0
2238,Vxzzyy,85,18,0.0
2239,WWWWWWWWWWWWendy,84,6,1.0
2240,Waffurukuru,85,16,0.0
2241,WakFuk,273,9,0.0
2242,WalrusWiggas9000,10,0,0.0
2243,WanderingPeeps,84,3,0.0
2244,Wapol,119,0,0.0
2245,Warau,85,2,0.0
2246,Warrenn,1369,35,0.0
2247,Wataro,84,2,0.0
2248,Waterbird,170,4,0.0
2249,Wavee,85,8,0.0
2250,WeebGirl,85,0,0.0
2251,WeebOverflow,227,6,0.0
2252,Weiyper,54,3,0.0
2253,Welvvs,85,0,0.0
2254,Wertee,444,8,0.0
2255,Wes2003,76,0,0.0
2256,WesleyNin,457,5,0.0
2257,Whenever,85,2,0.0
2258,White_Chocolate,77,24,0.0
2259,WhyGuy44,246,1,0.0
2260,WillFrost,85,4,0.0
2261,Willekille3213,85,0,0.0
2262,WitchHat,85,2,0.0
2263,Witch_Parfait,170,8,0.0
2264,Wnstm,5113,10,0.0
2265,Wolfborg,776,12,0.0
2266,Womi,85,6,0.0
2267,Woonoo,1172,49,3.0
2268,WorstAMQPlayer,369,19,0.0
2269,WrednyFok,1105,10,0.0
2270,WuGwai,223,13,0.0
2271,Wurzap,85,0,0.0
2272,Wycabar,34,0,0.0
2273,Wylie,284,2,0.0
2274,Wyonick,47,0,0.0
2275,X0Flyy,85,1,0.0
2276,XJohnSmithX,33,4,0.0
2277,Xanatrox,578,4,0.0
2278,Xemoth,27,0,0.0
2279,Xenixxowsky,85,10,0.0
2280,Xenojhiiva,84,5,0.0
2281,Xeraliane,30,0,0.0
2282,Xia,6170,24,0.0
2283,Xibena,170,0,0.0
2284,XieYao,2179,42,0.0
2285,Xjan256,70,11,0.0
2286,Xokaw,85,0,0.0
2287,Xtrautismo,165,1,0.0
2288,XxCumLordxX,102,10,0.0
2289,XxROBOTICSxX,50,1,0.0
2290,Xytox,595,33,0.0
2291,YTK_Bowser,56,0,0.0
2292,YYYYYYYYYYYYYYYY,488,64,2.0
2293,Y_X_Z,254,15,0.0
2294,YamiEve,85,9,0.0
2295,YamiK,153,1,0.0
2296,YamiRyusei,166,29,0.0
2297,YamiVanBjork,85,4,0.0
2298,YamiYoussouf,339,13,0.0
2299,YanGoata,11,0,0.0
2300,Yanana,2283,18,0.0
2301,Yanshu,84,9,0.0
2302,YaoiEnjoyer,425,27,0.0
2303,Yashaa,170,1,0.0
2304,YatsuYoshi,2608,28,0.0
2305,Yatunk,77,0,0.0
2306,Yeliw,2258,16,0.0
2307,YellowFellow,85,2,0.0
2308,YellowHaro,169,7,0.0
2309,Yoimiya,77,5,0.0
2310,Yokami,85,1,0.0
2311,Yokipi,847,47,2.0
2312,Yolinha,272,4,0.0
2313,Yolowolf75,152,21,0.0
2314,Yonjiunana,85,1,0.0
2315,Yoooo,1399,7,0.0
2316,Yoouka,162,1,0.0
2317,Yoper,83,0,0.0
2318,Yoppo,164,10,0.0
2319,Yoroizukaa,85,1,0.0
2320,Yoroko,242,6,0.0
2321,YorozuyaNoDanna,3375,20,0.0
2322,Yory,132,2,0.0
2323,YoshiKyon,170,13,0.0
2324,YoshiOpeninger,2462,55,0.0
2325,YoshiStar,85,11,0.0
2326,Yoshimi,337,16,0.0
2327,Yoshistory,245,7,0.0
2328,Yota,85,7,0.0
2329,Yotakun,382,14,0.0
2330,Yotes,6631,15,0.0
2331,YouBestWaifu,5434,24,0.0
2332,YourWaifusIsMine,203,4,0.0
2333,Yuakuma,84,9,0.0
2334,YueyeTW,267,21,1.0
2335,Yukan443,79,0,0.0
2336,YukiHoro,80,5,0.0
2337,Yukino12,85,1,0.0
2338,Yukinya,85,8,0.0
2339,YumeKujo,276,0,0.0
2340,Yumeka,84,7,0.0
2341,Yumekawa_Yui,84,3,0.0
2342,Yuna_0208,61,8,0.0
2343,YungSuba,85,2,0.0
2344,Yuong,54,8,0.0
2345,YuriMeguri,486,60,0.0
2346,Yuri_,83,15,0.0
2347,YuuTakasaki,2210,23,0.0
2348,Yuuii,152,6,0.0
2349,YuukiYuki,85,8,0.0
2350,Yuuuuuuuuuu,85,4,0.0
2351,Yuwuzu,163,38,0.0
2352,YuzurihaCrown,85,41,0.0
2353,ZAQ,85,4,0.0
2354,ZEROmemento,85,0,0.0
2355,Zabr,1870,26,0.0
2356,Zaburai,2576,12,0.0
2357,Zacfs,2831,15,0.0
2358,Zaicol,2542,13,0.0
2359,Zanscare,267,4,0.0
2360,Zanttu,85,4,0.0
2361,Zapotec,85,3,0.0
2362,Zavt,3120,40,0.0
2363,Zazarashi,85,2,0.0
2364,ZeGreatWeeb,218,13,0.0
2365,Zeal_Kido,583,23,0.0
2366,Zedi,215,28,0.0
2367,Zedrikk,829,18,0.0
2368,ZekkenKev,85,0,0.0
2369,Zeldrak,170,7,0.0
2370,Zelphir15,220,6,0.0
2371,Zemka,266,38,0.0
2372,Zenkuro,81,3,0.0
2373,Zephhi,48,1,0.0
2374,Zerko,732,25,0.0
2375,ZeroDelta_Kuro,1123,5,0.0
2376,ZeroRequiemO,10,0,0.0
2377,Zetter_san,150,2,0.0
2378,Zex_,473,22,0.0
2379,ZhongLanzhu,1828,26,0.0
2380,Zigcack,170,2,0.0
2381,Zildjean,77,1,0.0
2382,Zinlaku,85,1,0.0
2383,Zipang,111,45,0.0
2384,Zippy42,170,16,0.0
2385,Zoecyde,85,13,0.0
2386,Zony11,190,4,0.0
2387,Zozo,35,0,0.0
2388,Zqoip,85,7,0.0
2389,Zrnislav,85,0,0.0
2390,Zurer,3006,46,4.0
2391,Zurex,590,49,1.0
2392,Zurioko,85,6,0.0
2393,Zwebra,2810,22,0.0
2394,Zylda,171,29,0.0
2395,ZyxGremory,1234,33,0.0
2396,_JUSTIN_,192,0,0.0
2397,_Luky_,672,18,0.0
2398,_Zokuro_,85,9,0.0
2399,___NyaIsALion___,110,5,0.0
2400,_rev0lil0l,74,10,0.0
2401,_sy,133,4,0.0
2402,aKaMaryCHa,85,3,0.0
2403,abcaiskacang,933,5,0.0
2404,abcd3,83,4,0.0
2405,accetta,238,9,0.0
2406,acearino,688,3,0.0
2407,acmin100,85,2,0.0
2408,adamkus,602,37,0.0
2409,adjectifs,89,1,0.0
2410,afatpotato,76,1,0.0
2411,afkriceless,172,40,0.0
2412,agnebububu,255,16,0.0
2413,aikoeta,74,5,0.0
2414,aitsubaki,44,15,0.0
2415,ak74,855,30,0.0
2416,akaatsuki,404,7,0.0
2417,aki2365,11,1,0.0
2418,akiritama,838,39,0.0
2419,alal47,114,7,0.0
2420,alatkelamin,78,16,0.0
2421,alfee,463,18,0.0
2422,alish1808,279,18,0.0
2423,allanispog,2127,38,0.0
2424,alyrae,383,10,0.0
2425,ambrosiasquares,85,4,0.0
2426,amea,589,7,0.0
2427,amehaneyuki,4897,54,2.0
2428,amertin,2158,33,0.0
2429,anajumoon,11,0,0.0
2430,anaurusai,284,18,0.0
2431,anchovas,82,1,0.0
2432,andr3j,254,4,0.0
2433,andrewfoot,135,2,0.0
2434,angeela15,424,4,0.0
2435,angelofeternity,898,38,0.0
2436,animewatcher53,85,21,0.0
2437,anomanderbaked,1928,29,0.0
2438,anonimus_opinion,6204,51,1.0
2439,anstazz,3753,26,0.0
2440,antvf0427,255,2,0.0
2441,appdes,85,8,0.0
2442,apurplenose,2399,19,0.0
2443,aquasprite,22,0,0.0
2444,argetlam,85,0,0.0
2445,arm_arm_arm,532,16,0.0
2446,arpia97,85,6,0.0
2447,arukaimu,30,4,0.0
2448,as20,3456,29,0.0
2449,asdfbecker,2887,29,0.0
2450,asleep,4362,51,3.0
2451,astronomydancer,828,16,0.0
2452,asuku0214,85,1,0.0
2453,athroughz3,170,8,0.0
2454,aueiku,72,2,0.0
2455,aura_mt,241,6,0.0
2456,aurasair,3437,21,0.0
2457,autice001,83,32,0.0
2458,avayert,85,12,0.0
2459,avocato93,2784,7,0.0
2460,awake,85,54,0.0
2461,axltransform,250,1,0.0
2462,b1ackrockshooter,85,3,0.0
2463,bIank,85,22,0.0
2464,babyseal,85,1,0.0
2465,badatlife,576,32,1.0
2466,bakarasu,799,25,0.0
2467,ballscratch,170,57,0.0
2468,bamboo,4148,49,3.0
2469,bananah,85,10,0.0
2470,bananya2,85,0,0.0
2471,bananzers,49,1,0.0
2472,bang463,673,26,0.0
2473,banjoplayer,689,6,0.0
2474,barbarico,226,8,0.0
2475,barta50,81,0,0.0
2476,based,85,6,0.0
2477,battler123,255,1,0.0
2478,battosai,189,2,0.0
2479,bbgamer,177,5,0.0
2480,beam2546,81,4,0.0
2481,beemellowed,33,1,0.0
2482,beesmouth,413,16,0.0
2483,beli,233,2,0.0
2484,bellum_dominus,85,1,0.0
2485,beltrilp9,85,0,0.0
2486,benbe3215,85,1,0.0
2487,beverly,1647,45,0.0
2488,billedeverre,85,2,0.0
2489,billyratboy,59,2,0.0
2490,black_white_bear,3341,21,0.0
2491,blackwargreymon3,67,8,0.0
2492,blasterthefox,460,5,0.0
2493,blicc,131,8,0.0
2494,blissfulyoshi,16078,28,0.0
2495,blokz,642,21,0.0
2496,bluethree,2440,31,0.0
2497,bm,1133,13,0.0
2498,bobs,2454,33,0.0
2499,bomahdey,85,16,0.0
2500,bonmeo,244,34,0.0
2501,bonobo23,4429,11,0.0
2502,bookofbooks,27,13,0.0
2503,bootlegyaga,758,5,0.0
2504,botanical,59,1,0.0
2505,bowlofmilk,1066,19,0.0
2506,bradleyxd,85,3,0.0
2507,bresito,236,9,0.0
2508,brianwu159,85,0,0.0
2509,bskyrim22,82,2,0.0
2510,buhebide,749,36,0.0
2511,bungakushoujo123,85,7,0.0
2512,bunnygaming,84,8,0.0
2513,burabe,7424,39,0.0
2514,byaaakuren,243,8,0.0
2515,bzkid93,155,10,0.0
2516,cactusanime22,95,8,0.0
2517,cade,365,5,0.0
2518,cafezinho,1472,36,0.0
2519,caioss,137,5,0.0
2520,caiyune,33,0,0.0
2521,catsarecute600,269,12,0.0
2522,cattleincorridor,420,11,0.0
2523,cenpez,164,0,0.0
2524,cfvyCoco,4798,26,0.0
2525,ch0rizo,81,0,0.0
2526,chaabdu92,4074,40,1.0
2527,chairm,85,0,0.0
2528,champ8432,73,2,0.0
2529,channina,3566,62,6.0
2530,chara_toxic,70,4,0.0
2531,chibikaidoh,3103,24,0.0
2532,chiisanatamago,1650,36,0.0
2533,chikakito3939,5,0,0.0
2534,chitoiro,68,12,0.0
2535,choco_,48,2,0.0
2536,chouetteonair,1615,22,0.0
2537,chroma69,187,1,0.0
2538,chrono901,2261,15,0.0
2539,chtreman,1602,8,0.0
2540,chun2,510,5,0.0
2541,chungusXD,85,14,0.0
2542,cinapta,230,4,0.0
2543,ckbbg,672,5,0.0
2544,ckptw,171,0,0.0
2545,cobain,85,0,0.0
2546,cobatts,85,10,0.0
2547,cobble,82,0,0.0
2548,coldfrog,2933,29,0.0
2549,comameito,489,4,0.0
2550,comete,45,13,0.0
2551,comfv,1614,38,1.0
2552,comuninja1,85,0,0.0
2553,constellite,85,2,0.0
2554,coolmans,83,9,0.0
2555,copula,647,36,0.0
2556,cornsplosion,60,4,0.0
2557,cottonstraw,85,9,0.0
2558,cracudinhamilk,2893,40,0.0
2559,crazzycatzz,85,0,0.0
2560,creamycream,80,5,0.0
2561,crickkin,126,1,0.0
2562,cricter,59,1,0.0
2563,crisisbliss,14,1,0.0
2564,crzy_,85,0,0.0
2565,cvbnm9527,2262,20,0.0
2566,cyy,255,12,0.0
2567,daerienn,84,2,0.0
2568,danielso,198,5,0.0
2569,danilo337,83,8,0.0
2570,dantoh000,1924,13,0.0
2571,danyalyrn,85,1,0.0
2572,dark_shadow_77,64,2,0.0
2573,dashermacp,86,0,0.0
2574,dawisej,170,7,0.0
2575,death_sv,85,4,0.0
2576,decelerate,85,1,0.0
2577,deepnut,4740,30,0.0
2578,dejaino,1235,24,0.0
2579,deji,69,8,0.0
2580,denero,2598,34,0.0
2581,derrkp,499,25,0.0
2582,deth,66,26,0.0
2583,detritus,4949,31,0.0
2584,dido3637,74,0,0.0
2585,diegox,30,5,0.0
2586,diieego,121,5,0.0
2587,dinner101101,41,0,0.0
2588,djwignall,76,1,0.0
2589,dlsite,85,5,0.0
2590,dmcAxle,85,15,0.0
2591,dmtVS,1831,30,0.0
2592,doger332,85,2,0.0
2593,doll23,3340,37,0.0
2594,doomboykhoi,85,0,0.0
2595,doomchicken,4809,44,0.0
2596,doop,84,1,0.0
2597,doopliss,4055,28,0.0
2598,doraemonpoi,1761,24,0.0
2599,doreislab,170,6,0.0
2600,doughnuts69,497,13,0.0
2601,drakfyre13,509,7,0.0
2602,dratiny,6715,28,0.0
2603,druggedfoxjr,111,28,0.0
2604,dsgreat,1048,22,0.0
2605,dunc,165,1,0.0
2606,dynamight,363,8,0.0
2607,dyzoZ,98,1,0.0
2608,e56123,492,31,0.0
2609,eClySe,85,10,0.0
2610,ebarin,76,3,0.0
2611,ebashu_rosiyan,163,2,0.0
2612,ec505,5056,26,0.0
2613,eclairJoss,2351,26,0.0
2614,edpots,3861,9,0.0
2615,eekkung,1454,10,0.0
2616,eepa,85,6,0.0
2617,eheu,154,8,0.0
2618,eieieiei,332,25,0.0
2619,elaina22,1460,48,0.0
2620,elecsat,781,15,0.0
2621,elekCS,75,1,0.0
2622,elisein,169,11,0.0
2623,em_sii,85,7,0.0
2624,emanresU,67,25,0.0
2625,emiyuu,82,6,0.0
2626,enou,24,2,0.0
2627,ericisdog,641,23,0.0
2628,ericisgay,255,54,0.0
2629,ericispog,885,46,0.0
2630,erjeky123,84,9,0.0
2631,erriaga,85,3,0.0
2632,erzakuran,460,21,0.0
2633,esterin,37,1,0.0
2634,etanol,28,1,0.0
2635,eternity_,1467,43,1.0
2636,eternull,338,9,0.0
2637,eurachan,84,1,0.0
2638,eureka_,230,7,0.0
2639,ev3nvy,85,2,0.0
2640,ever29,404,23,0.0
2641,evolem,243,8,0.0
2642,exmax8,4759,25,0.0
2643,f10cka,81,5,0.0
2644,fafong,340,23,0.0
2645,fallensky,810,18,0.0
2646,fantaex,76,3,0.0
2647,fbchris,85,1,0.0
2648,fefe333cloe,85,8,0.0
2649,festim24,85,15,0.0
2650,fham,59,6,0.0
2651,fiannafenneko,681,22,0.0
2652,finxst,85,2,0.0
2653,firedragon2225,85,0,0.0
2654,firefoxvulpix,1474,13,0.0
2655,firefractal,85,4,0.0
2656,fishe,85,5,0.0
2657,fleshgolem,10,0,0.0
2658,fluffydoomcake,85,1,0.0
2659,flushed,72,1,0.0
2660,fnaml,675,15,0.0
2661,fokha,85,52,1.0
2662,foreverblu,85,6,0.0
2663,fref664,85,6,0.0
2664,frncskazu,170,4,0.0
2665,frosty3,82,16,0.0
2666,frostyyyzzz,85,0,0.0
2667,frozenosu,41,1,0.0
2668,fwis,48,10,0.0
2669,gaaw,8249,63,17.0
2670,gabrigois,79,21,0.0
2671,gabsdesu,85,7,0.0
2672,gallesa,5200,37,0.0
2673,gandalf1414,2421,12,0.0
2674,gaussian_,468,12,0.0
2675,gay4kata,85,1,0.0
2676,gayLORD6969,85,4,0.0
2677,genpaku,213,12,0.0
2678,ggwpmineas,90,7,0.0
2679,gh0stdan,170,6,0.0
2680,gilgamesher,4380,24,0.0
2681,ginizumi,1303,5,0.0
2682,gleipnir8,379,5,0.0
2683,glucosetwig,128,9,0.0
2684,gma,85,3,0.0
2685,gniflod,247,7,0.0
2686,godgamer_rehoon,1795,12,0.0
2687,gomadara,2791,41,0.0
2688,good_strike,337,31,0.0
2689,goomblor,965,11,0.0
2690,grayfox157,85,2,0.0
2691,groota,424,3,0.0
2692,grubynjszxzyckel,282,7,0.0
2693,guMaC,85,5,0.0
2694,guxta,78,0,0.0
2695,gw13,168,14,0.0
2696,haachaman,1201,9,0.0
2697,hackprq27,65,1,0.0
2698,haga1115,83,1,0.0
2699,haisesz,85,45,0.0
2700,hamudi518,30,0,0.0
2701,happydr,155,2,0.0
2702,hardpuzzle,85,0,0.0
2703,haremaru,155,11,0.0
2704,harleyboyy,1544,35,0.0
2705,hatena,3276,8,0.0
2706,heartlaw,327,5,0.0
2707,hellstone,85,0,0.0
2708,heroholo,143,6,0.0
2709,hexennwerk,82,2,0.0
2710,hhhana,85,4,0.0
2711,hiimtwin,1665,9,0.0
2712,hipsterninja97,279,1,0.0
2713,hitoshiki,248,4,0.0
2714,hk9ian,3345,20,1.0
2715,holo4,57,2,0.0
2716,holosHotUwu_x3,85,2,0.0
2717,hovo0909,115,1,0.0
2718,hubcioskubcio,163,5,0.0
2719,hysura,2831,41,5.0
2720,i2eikon,2125,45,0.0
2721,iColdd_,183,19,0.0
2722,iEatLolis,337,12,0.0
2723,iMeePForLife,3000,19,0.0
2724,iQuestGod,999,44,0.0
2725,iYanime,259,6,0.0
2726,idodrio,164,0,0.0
2727,iiivvi,339,8,0.0
2728,iku8w9ld75,54,5,0.0
2729,ikueimage,1665,31,0.0
2730,illityc,1320,4,0.0
2731,iloveshuuka,84,13,0.0
2732,iloveyou,1329,31,0.0
2733,inake,78,17,0.0
2734,inest,278,12,0.0
2735,infinitycaliber,22,0,0.0
2736,intershit,284,1,0.0
2737,ionn,556,13,0.0
2738,iroroP,2953,42,0.0
2739,isaaa,5024,42,0.0
2740,isais,53,1,0.0
2741,iso900223,2,1,0.0
2742,itgt,81,5,0.0
2743,itu,67,14,0.0
2744,ituri,85,1,0.0
2745,ivanito,67,0,0.0
2746,ivin,2141,27,0.0
2747,ivlivs,85,7,0.0
2748,j1np055ibl3,84,6,0.0
2749,jaccie,163,30,0.0
2750,jackytam,6869,26,0.0
2751,jacobtsurugi,170,13,0.0
2752,jail,437,17,0.0
2753,jaimeywea,85,3,0.0
2754,jamalamadingdong,85,5,0.0
2755,jamielee217,382,21,0.0
2756,jankenpo,4457,37,0.0
2757,jebac300,411,8,0.0
2758,jeffdang1000,54,0,0.0
2759,jerry86704,98,4,0.0
2760,jesuscristo,82,17,0.0
2761,jimmico,162,9,0.0
2762,jiojiojiji,1145,13,0.0
2763,john9987,668,11,0.0
2764,joljol,340,24,0.0
2765,josemasal,80,6,0.0
2766,joycecross,170,5,0.0
2767,jt2205,174,6,0.0
2768,juhrard,83,7,0.0
2769,juicyburgerboy,2051,13,0.0
2770,juliusc,84,11,0.0
2771,junninbr,5231,33,0.0
2772,junzh99,979,8,0.0
2773,justdan10,161,8,0.0
2774,juul,1090,4,0.0
2775,juvin,67,1,0.0
2776,kadomatsu,85,0,0.0
2777,kaekyoin,219,5,0.0
2778,kagami38,22,0,0.0
2779,kaghey,8050,48,5.0
2780,kailley,293,3,0.0
2781,kainez,1238,15,1.0
2782,kaistar,162,10,0.0
2783,kaito_kok,31,0,0.0
2784,kakarotio2,289,8,0.0
2785,kakka,430,12,0.0
2786,kamokuma5,85,2,0.0
2787,kaningku,4138,27,0.0
2788,kanonnakagawa,80,12,0.0
2789,kar72,5430,58,1.0
2790,kariookami,85,1,0.0
2791,karlmayer,155,30,0.0
2792,karstan,18,0,0.0
2793,karta3007905,1884,12,0.0
2794,kataneer,316,17,0.0
2795,kawaiiboixdhdlp,1452,14,0.0
2796,keck0,85,13,0.0
2797,keizatsu,170,6,0.0
2798,keka,85,4,0.0
2799,kelpsoda,972,33,0.0
2800,kempanator,2549,34,0.0
2801,kerykeion23,85,2,0.0
2802,kevtie,85,4,0.0
2803,keysha18,1665,10,0.0
2804,ki_mera,479,20,0.0
2805,kiiori_kori,217,5,0.0
2806,killerSVK,24,0,0.0
2807,kilorgi,85,0,0.0
2808,kimimarux,2114,19,0.0
2809,kimkim13,68,2,0.0
2810,kimochiwarui,111,14,0.0
2811,kirabc,543,12,0.0
2812,kiri,18,1,0.0
2813,kirkirs,85,0,0.0
2814,kitcody1990,1502,30,0.0
2815,kittibase2002,5403,17,0.0
2816,klaus29,85,1,0.0
2817,klonej,84,0,0.0
2818,klusty,425,27,0.0
2819,kmd,31,7,0.0
2820,kneesocks,42,7,0.0
2821,kneesoxluver,1017,66,1.0
2822,kociu,85,3,0.0
2823,kodyye,47,0,0.0
2824,kokako,19,9,0.0
2825,komaeda,170,21,0.0
2826,konomi,1283,61,0.0
2827,kool4mees,85,0,0.0
2828,koroshiya,1208,27,1.0
2829,koshikoma_pri,130,35,0.0
2830,kotakun,171,16,0.0
2831,koume,764,12,0.0
2832,kraiko,30,8,0.0
2833,kringe,125,2,0.0
2834,krisiks,20,0,0.0
2835,ksadro,487,15,0.0
2836,kubolok,85,5,0.0
2837,kuikui,226,6,0.0
2838,kujiwara,170,16,0.0
2839,kumagawa,85,0,0.0
2840,kumiko1068,85,6,0.0
2841,kunya,109,4,0.0
2842,kunyan,138,14,0.0
2843,kurisuchan,85,1,0.0
2844,kuro0320,623,9,0.0
2845,kurosawarei,85,13,0.0
2846,kurousu,85,3,0.0
2847,kzkymmt,255,7,0.0
2848,la_dora,84,0,0.0
2849,lakssisiht,83,15,0.0
2850,lanaerys,85,6,0.0
2851,landon_xn,243,1,0.0
2852,laquaces,142,17,0.0
2853,laudandusjr,23,1,0.0
2854,lavieonmar,441,16,0.0
2855,lawfq,85,2,0.0
2856,lawlaw0219,85,4,0.0
2857,lbkanata,116,3,0.0
2858,leekyungwoo,85,0,0.0
2859,legrandort,2317,24,0.0
2860,lekosh,554,15,0.0
2861,lengend,79,9,0.0
2862,leninist,158,0,0.0
2863,levifangirl,85,1,0.0
2864,levikageyama,85,1,0.0
2865,lfas5,83,11,0.0
2866,lg977,161,8,0.0
2867,likejaxirl,4876,41,1.0
2868,liliiro,217,13,0.0
2869,liltsun,1489,10,0.0
2870,limepacificocean,537,3,0.0
2871,linkviii,3613,32,0.0
2872,litdab,85,1,0.0
2873,littlecheeseman,71,49,0.0
2874,littlesnowball2,182,8,0.0
2875,lliloyd,33,0,0.0
2876,lnamaru,85,4,0.0
2877,loadedboy,60,0,0.0
2878,locaporth,5173,23,0.0
2879,lolShinoa,85,7,0.0
2880,loler123903,116,1,0.0
2881,looksorn789,68,0,0.0
2882,loriogoulevent,3405,19,0.0
2883,losalim,358,15,0.0
2884,lotusrunner,29,3,0.0
2885,love_of_levi,85,0,0.0
2886,lovepou12155,58,7,0.0
2887,lubryka,220,36,1.0
2888,lucaszinn,334,9,0.0
2889,lucietoo,8488,54,5.0
2890,ludie,415,13,0.0
2891,luffy577,7,0,0.0
2892,luiscomplu,74,0,0.0
2893,lusaal,690,17,0.0
2894,lyndonjl,635,4,0.0
2895,lyrical,85,8,0.0
2896,lythrum,1896,34,1.0
2897,maa5445,5051,9,0.0
2898,macylion,85,0,0.0
2899,madarapagodeiro,85,1,0.0
2900,mahzrunner,2419,15,0.0
2901,maic,167,8,0.0
2902,malefikus895,510,6,0.0
2903,mangaga2168,170,7,0.0
2904,mannerpots,2118,26,0.0
2905,maorOwO,65,0,0.0
2906,marcochiu98,2931,27,0.0
2907,maricadiamandis,63,0,0.0
2908,mark_calaway,2204,18,0.0
2909,martin201150,85,0,0.0
2910,martunio,87,0,0.0
2911,maryfox,146,7,0.0
2912,masa6108,4497,16,0.0
2913,matthewpop,311,6,0.0
2914,mauricio,85,10,0.0
2915,maviansn,463,8,0.0
2916,mavisoul,170,9,0.0
2917,mavrux,85,0,0.0
2918,maxed,3255,19,0.0
2919,mayunnaise21,170,11,0.0
2920,mb_roddy,30,0,0.0
2921,meetzje,1385,18,0.0
2922,megahello,1236,26,0.0
2923,mentai07,1185,31,0.0
2924,meow1234,195,49,0.0
2925,mermaidmikele,170,3,0.0
2926,mertmert,779,6,0.0
2927,metarin,8316,23,0.0
2928,mgl,686,28,0.0
2929,mhkr,655,20,0.0
2930,miboong,85,0,0.0
2931,michalz15,170,5,0.0
2932,micmic112,170,20,0.0
2933,miecieks,72,1,0.0
2934,miiarad,69,8,0.0
2935,mikecometa,83,1,0.0
2936,mikiafu,3390,40,0.0
2937,mikomikomiii,594,11,0.0
2938,mikronaut,85,3,0.0
2939,minette,1012,40,0.0
2940,ming0328ming,78,3,0.0
2941,mingGG,778,17,0.0
2942,minnaminnaminna,137,1,0.0
2943,minuba,35,0,0.0
2944,miraxa_maxwell,82,5,0.0
2945,miro515,5387,14,0.0
2946,mitsorubi,3782,13,0.0
2947,mizu4315,82,13,0.0
2948,mizuena,85,3,0.0
2949,mkby,3688,49,2.0
2950,mofro,1833,28,0.0
2951,mokocchi,11,0,0.0
2952,moksik,85,5,0.0
2953,mollyisawalrus,152,2,0.0
2954,monogatariz,85,3,0.0
2955,moosepi,719,47,0.0
2956,moraryy,593,28,0.0
2957,mordilegal2,79,0,0.0
2958,morgieeef,85,1,0.0
2959,mrmartin,5986,18,0.0
2960,mrpenguin,85,0,0.0
2961,muka3000,85,12,0.0
2962,munyamunya,7598,41,4.0
2963,mushrud,69,1,0.0
2964,mutta,3708,40,0.0
2965,mynamechef,83,0,0.0
2966,myr,3789,30,0.0
2967,nFar,255,22,0.0
2968,nLumii,85,2,0.0
2969,nachoneko,564,38,0.0
2970,nagi8888,73,9,0.0
2971,nagichi,252,24,0.0
2972,nailzie,2493,30,0.0
2973,nakamoon,78,3,0.0
2974,nakashima1596,713,16,0.0
2975,nanashi23,72,10,0.0
2976,nandorweebo,254,7,0.0
2977,narz,77,3,0.0
2978,nateRUUUUUUUUUUU,262,23,1.0
2979,natedog2214,170,7,0.0
2980,nathan,85,0,0.0
2981,natsumyuu,85,8,0.0
2982,neallimcy,170,6,0.0
2983,neilski23,6,1,0.0
2984,nekii,169,5,0.0
2985,nekomeiji,281,27,0.0
2986,neneka,77,12,0.0
2987,neoburnz,7777,48,0.0
2988,neonat,85,6,0.0
2989,nevon1201,78,6,0.0
2990,nextri,164,1,0.0
2991,nichopocho,750,16,0.0
2992,nidzogger,77,0,0.0
2993,nimfa109,85,6,0.0
2994,nineliex,939,6,0.0
2995,ningunick,162,13,0.0
2996,ninjad912,85,3,0.0
2997,ninjastarforcex,85,3,0.0
2998,nm,18,0,0.0
2999,noNtiaFnEXulA,160,16,0.0
3000,noearstheotaku,2858,35,1.0
3001,nofrelluis,85,5,0.0
3002,nonxz,127,8,0.0
3003,noon,3287,40,1.0
3004,nopfy,216,21,0.0
3005,notsana,242,26,0.0
3006,nozomemee,1580,24,0.0
3007,npc12,65,46,0.0
3008,nukitaka,3773,18,0.0
3009,nummer,85,6,0.0
3010,nyaNugget,85,0,0.0
3011,nyatsumugi,85,7,0.0
3012,nzk031244,210,4,0.0
3013,oOLTOo,85,2,0.0
3014,oTrey,85,2,0.0
3015,ogoosebumps,66,0,0.0
3016,oh95,2716,46,0.0
3017,oikocil,29,0,0.0
3018,ok1na,1932,28,0.0
3019,olaALC,85,2,0.0
3020,omegar1,85,2,0.0
3021,on_lily,134,5,0.0
3022,onefiftykaze,85,26,0.0
3023,only_buono,411,40,0.0
3024,oofed,9,1,0.0
3025,oolli,52,0,0.0
3026,oposkun,82,0,0.0
3027,orchy,1632,14,0.0
3028,ore,233,9,0.0
3029,orihsdog,473,57,0.0
3030,ornellita,80,6,0.0
3031,oscar0214,237,5,0.0
3032,otaku4ne,1063,33,0.0
3033,oznee,115,4,0.0
3034,papikasu,10,2,0.0
3035,parialo,133,1,0.0
3036,pasatempos,85,1,0.0
3037,pavet17749,85,9,0.0
3038,pawlakov,85,3,0.0
3039,peachiiko,127,0,0.0
3040,peachsoju,85,1,0.0
3041,peanuwut,85,15,0.0
3042,pedruud,40,0,0.0
3043,peeku,914,46,0.0
3044,peepiss,3190,41,1.0
3045,penguinbear,1987,25,0.0
3046,pensive_piggy,254,11,0.0
3047,petajpls,80,3,0.0
3048,petes,5132,18,0.0
3049,pewdekz,165,22,0.0
3050,philipchw,71,2,0.0
3051,pickxarro,85,9,0.0
3052,piejekfive,255,5,0.0
3053,pitagor2,190,15,0.0
3054,piyan1087,3413,30,0.0
3055,pocketassassin,82,10,0.0
3056,polkagrisar,339,12,0.0
3057,polocascroute,85,8,0.0
3058,polp62,85,1,0.0
3059,polutropos,591,17,0.0
3060,pomon,85,1,0.0
3061,pompipui,85,4,0.0
3062,ponytailsud2,7508,36,0.0
3063,popo_SLI,85,0,0.0
3064,preilily,550,9,0.0
3065,prize,85,0,0.0
3066,proccii,299,16,0.0
3067,puki64,118,6,0.0
3068,pun_,2141,36,0.0
3069,pupipupi,85,0,0.0
3070,qad,79,4,0.0
3071,qish,85,1,0.0
3072,qivaijar,639,8,0.0
3073,quit_w,719,43,0.0
3074,quitw,85,1,0.0
3075,qwert3425,85,9,0.0
3076,r1ca,72,3,0.0
3077,rBrando,85,4,0.0
3078,radangkelamin,5112,21,0.0
3079,rafa7597,7,2,0.0
3080,rainykimoko,3215,20,0.0
3081,rakkiBakki,340,13,0.0
3082,ramaweeb,239,12,0.0
3083,ramenhamenha,85,2,0.0
3084,randa,560,3,0.0
3085,rapidragon,238,1,0.0
3086,ratd0ta,1430,16,0.0
3087,ray54321,1895,29,0.0
3088,raynquist,5286,19,0.0
3089,razorclaw,192,6,0.0
3090,reQueue,49,1,0.0
3091,recreamy,5304,18,0.0
3092,red5h4d0w,73,8,0.0
3093,redlightAZ,152,3,0.0
3094,redrum,98,14,0.0
3095,redyu07,81,10,0.0
3096,rei069,4311,31,0.0
3097,relplank,85,0,0.0
3098,remicon,159,4,0.0
3099,rethinkrubiks,48,1,0.0
3100,revel_,64,0,0.0
3101,revertme,67,0,0.0
3102,reyto,82,2,0.0
3103,riag,85,6,0.0
3104,riceyrice,74,1,0.0
3105,rivamr,424,11,0.0
3106,riverchick,775,19,0.0
3107,rkgz,251,10,0.0
3108,rng,42,8,0.0
3109,rnsrns,73,2,0.0
3110,robokila7,85,3,0.0
3111,rodolphe,81,7,0.0
3112,rodriguez1789,403,7,0.0
3113,rogueandtasty,212,5,0.0
3114,rokato,475,7,0.0
3115,rokoucha,368,15,0.0
3116,rowoux,84,1,0.0
3117,ruanghampa,239,24,0.0
3118,rubified,924,19,0.0
3119,rubyvery,85,2,0.0
3120,rusian971,813,10,0.0
3121,ruuka,756,42,0.0
3122,rvikwd3,85,0,0.0
3123,ryosuke_phoenix,280,8,0.0
3124,s6nti,2292,36,0.0
3125,s9,422,24,0.0
3126,sakuranabe,520,34,0.0
3127,samachurl,12,0,0.0
3128,samuelhklumpers,84,13,0.0
3129,samuraiharem,202,15,0.0
3130,samwong_33,160,1,0.0
3131,sanchezzz,85,5,0.0
3132,sandwitaids,85,2,0.0
3133,sansyboyishere,85,3,0.0
3134,saske46,246,11,0.0
3135,sasuga_bullYing,106,1,0.0
3136,scaletta,83,0,0.0
3137,scientiff,42,0,0.0
3138,scooter_grandma,108,1,0.0
3139,scooter_mama,287,47,0.0
3140,scooter_papa,130,64,1.0
3141,scrambled,4877,31,0.0
3142,scratchy_balls,104,69,1.0
3143,seibo,27,0,0.0
3144,sepek,6137,41,0.0
3145,seppe,85,0,0.0
3146,sequenzi,420,6,0.0
3147,sergeron,1712,32,0.0
3148,sergitifortuny,69,0,0.0
3149,sevn,340,8,0.0
3150,sex,474,20,0.0
3151,sfccdf,282,3,0.0
3152,shadismith,7553,36,0.0
3153,shadow2kk,73,2,0.0
3154,shadowpandax,3655,69,1.0
3155,shamanlord,2829,34,0.0
3156,sharetw,1913,27,0.0
3157,shaydenelley,85,1,0.0
3158,sheunglip2,778,3,0.0
3159,shidiand,85,2,0.0
3160,shidoni44,170,6,0.0
3161,shizume,2425,30,0.0
3162,shoopie90,85,0,0.0
3163,shotbrush,85,0,0.0
3164,shpli,77,4,0.0
3165,shuaboo,85,15,0.0
3166,shuura,84,0,0.0
3167,simbaninja,118,1,0.0
3168,siokoji,160,10,0.0
3169,sircurrie,791,31,1.0
3170,siumai,1861,13,0.0
3171,siuuunoda,85,4,0.0
3172,skinnypenis556,85,1,0.0
3173,slovenia,850,6,0.0
3174,smrkiller,76,0,0.0
3175,snowflakes,275,27,0.0
3176,snowleaf,144,56,0.0
3177,snowsign7,1776,37,0.0
3178,sockhands,72,3,0.0
3179,solla,160,16,0.0
3180,solterraluna,81,2,0.0
3181,somaisbaka,2818,21,0.0
3182,sonicyellow,420,20,0.0
3183,soniczzz,85,6,0.0
3184,soratanobaka,2212,32,0.0
3185,sparklingciders,85,3,0.0
3186,spring19980904,197,1,0.0
3187,spritedot,23,3,0.0
3188,squeekyvoice,85,13,0.0
3189,squidstain,197,7,0.0
3190,squishy3,395,7,0.0
3191,ss_r_white_pony,375,33,0.0
3192,sssthnoob,1693,16,0.0
3193,stellastr,588,9,0.0
3194,storme03,1278,4,0.0
3195,strawsbrrys,44,0,0.0
3196,sts2,4651,32,0.0
3197,stunna,85,1,0.0
3198,stupid132,59,0,0.0
3199,suiii,340,50,0.0
3200,suimasen,510,26,0.0
3201,summer46,85,3,0.0
3202,sunosz,167,2,0.0
3203,sunshine_r_w_p,35,1,0.0
3204,supersmooth,643,48,1.0
3205,suyoung6,170,5,0.0
3206,suzuken,3780,16,0.0
3207,sweetbun33,1258,5,0.0
3208,sxl,2225,23,0.0
3209,sxwe25100,736,32,0.0
3210,syaruru,596,13,0.0
3211,sylveon07,2099,33,0.0
3212,synkonn,61,1,0.0
3213,syuka,4414,30,0.0
3214,syuo,85,22,0.0
3215,tadople,73,4,0.0
3216,takedumps,85,0,0.0
3217,tasuke912,85,9,0.0
3218,tatacaw,85,2,0.0
3219,tavian,85,7,0.0
3220,taxmaster,85,31,0.0
3221,tcbigmon,59,1,0.0
3222,tcy742,4746,25,0.0
3223,techforce,84,5,0.0
3224,teggunburcs,85,0,0.0
3225,tekyla,44,0,0.0
3226,temp22462511,161,1,0.0
3227,temp52801414,325,4,0.0
3228,temp59328118,61,16,0.0
3229,teppodon,341,24,0.0
3230,terminal_,461,10,0.0
3231,tertium,6584,37,1.0
3232,testaccount1337,85,24,0.0
3233,tesu,4671,17,0.0
3234,tfgg,316,21,0.0
3235,thaivuN,350,9,0.0
3236,thatovsky,83,1,0.0
3237,thebigupdate,169,67,1.0
3238,thelegend27,8,1,0.0
3239,themcfrosty,56,2,0.0
3240,themrkefirek,85,8,0.0
3241,thenoobster,61,33,0.0
3242,thesorin65,184,4,0.0
3243,theyingster,5502,75,11.0
3244,thingth,1001,14,0.0
3245,thjalago,12,1,0.0
3246,thkvl,9820,28,0.0
3247,timo,85,0,0.0
3248,tingy,3069,32,0.0
3249,tintinnnnn,85,3,0.0
3250,tjetjj,81,7,0.0
3251,tkoz,1428,38,0.0
3252,tlaura,310,10,0.0
3253,tobirousch,70,0,0.0
3254,tobygamercom,85,0,0.0
3255,tohrik,30,0,0.0
3256,toinho2,85,0,0.0
3257,tomatocurry1,85,0,0.0
3258,tomokarin,4587,50,2.0
3259,ton2,664,21,0.0
3260,toyotasoarer,425,20,0.0
3261,tpaiscutie,284,1,0.0
3262,traib,3900,23,0.0
3263,traintrain,58,46,0.0
3264,transfer,76,1,0.0
3265,travis_ba,158,4,0.0
3266,truls123,160,0,0.0
3267,tsukasa29,575,35,0.0
3268,tsunemxri,83,0,0.0
3269,tunnel_snake_god,255,3,0.0
3270,twewyttst,2768,31,0.0
3271,twobagel,78,0,0.0
3272,txh_danbori,35,0,0.0
3273,uhhuhher,2963,40,4.0
3274,underecho,1060,34,0.0
3275,unknownj2,75,2,0.0
3276,unsta,1725,25,1.0
3277,uomi,1602,24,0.0
3278,uraura,163,12,0.0
3279,uwuzabeth,85,4,0.0
3280,uy5gf,1706,36,0.0
3281,vEchoes,85,3,0.0
3282,variousadvanced,42,7,0.0
3283,vblee,2855,19,0.0
3284,veil66,85,4,0.0
3285,vibrate69,285,7,0.0
3286,virtualbalboa2,323,2,0.0
3287,vive,84,10,0.0
3288,vivipocabala,510,6,0.0
3289,viviv,24,0,0.0
3290,vl258,75,3,0.0
3291,voltycs,85,1,0.0
3292,vsai,85,44,0.0
3293,wJuzuya,4413,22,0.0
3294,wachouski,85,7,0.0
3295,wasd2332,238,36,0.0
3296,wassirac,4012,20,0.0
3297,watashiii,7035,73,19.0
3298,weavedheart,5975,49,1.0
3299,weisslull,1666,36,1.0
3300,weldy00,85,3,0.0
3301,whatabae,60,1,0.0
3302,whensidols,858,16,0.0
3303,wheresmytofu,800,15,0.0
3304,whyusohandsome,2325,28,0.0
3305,wildwolf,85,1,0.0
3306,willdogga,170,4,0.0
3307,william91021,133,3,0.0
3308,willstr88,48,3,0.0
3309,wincover,841,38,0.0
3310,wingsofjupiter,11,3,0.0
3311,wink0219,85,5,0.0
3312,wowee,254,18,0.0
3313,wswsasd,8073,37,0.0
3314,wurg321,2534,20,0.0
3315,wwwaa,675,21,0.0
3316,x4163,4462,22,0.0
3317,xA163,501,21,0.0
3318,xKazehaya,5587,33,0.0
3319,xKiraa,1237,19,0.0
3320,xKleinx,85,0,0.0
3321,xMrBubbles,85,10,0.0
3322,xPerSeN,85,5,0.0
3323,xSergei,85,1,0.0
3324,xTsuSaKu,151,63,0.0
3325,xVeasna,229,5,0.0
3326,xYumiko,78,1,0.0
3327,xamtelles22,85,0,0.0
3328,xanle,85,0,0.0
3329,xd_Nico,140,6,0.0
3330,xeloo,1552,20,0.0
3331,xenux,1136,8,0.0
3332,xkisxk,150,5,0.0
3333,xkshxt,85,3,0.0
3334,xootynator,4383,19,0.0
3335,xsp11,82,4,0.0
3336,xvz,163,9,0.0
3337,xx__JERSEY__xx,85,1,0.0
3338,xxgentaroxx,85,3,0.0
3339,y0h,309,3,0.0
3340,yLavz,85,3,0.0
3341,yaaagi,170,11,0.0
3342,yacinouvn,84,1,0.0
3343,yahallonyanpasu,1951,51,5.0
3344,yamatos_cumsock,509,25,0.0
3345,yandru,85,1,0.0
3346,yasashiikumo,1105,21,0.0
3347,yasayoshi,22,3,0.0
3348,yasberry,4023,25,0.0
3349,yenck,3789,42,0.0
3350,yimi,85,0,0.0
3351,ynzqe,1249,16,0.0
3352,yourslavez,112,34,0.0
3353,yudeko,764,29,0.0
3354,yukinabestgirl,170,12,0.0
3355,yullhen,85,15,0.0
3356,yunuki,76,5,0.0
3357,yup,85,1,0.0
3358,yuuya,659,14,0.0
3359,yyyato,79,14,0.0
3360,zacheberg,65,0,0.0
3361,zaku306,1050,10,0.0
3362,zalupa_zoldyck,368,26,0.0
3363,zarky,1125,12,0.0
3364,zeeetS,85,2,0.0
3365,zental,170,15,0.0
3366,zeo,85,10,0.0
3367,zerodcc,85,1,0.0
3368,zfreeakxd,163,5,0.0
3369,zig1000,455,16,0.0
3370,zigbiel,85,6,0.0
3371,ziney,71,3,0.0
3372,zinger,84,0,0.0
3373,zkillerg0d,76,0,0.0
3374,zoldaic,84,1,0.0
3375,zomg,506,15,0.0
3376,zsidewayz,85,1,0.0
3377,zuinal,492,22,1.0
3378,zverski,77,3,0.0
3379,zynix,367,58,1.0
3380,zyoi,284,15,0.0
